Date,Symbol,Open,High,Low,Close,Volume
2023-12-01,AUROPHARMA,1049.0,1059.6500244140625,1031.0,1033.75,1227116
2023-12-04,AUROPHARMA,1042.0,1046.0,1023.25,1042.6500244140625,1976331
2023-12-05,AUROPHARMA,1047.800048828125,1047.800048828125,1012.75,1025.949951171875,1328945
2023-12-06,AUROPHARMA,1031.300048828125,1031.300048828125,1009.4000244140625,1016.6500244140625,1959229
2023-12-07,AUROPHARMA,1016.5999755859375,1029.4000244140625,1009.6500244140625,1023.9500122070312,2472883
2023-12-08,AUROPHARMA,1033.75,1033.75,1004.5499877929688,1017.4000244140625,979442
2023-12-11,AUROPHARMA,1015.0,1016.0,996.2999877929688,1004.4500122070312,2556055
2023-12-12,AUROPHARMA,1005.0,1022.9500122070312,1001.5499877929688,1011.2999877929688,2407714
2023-12-13,AUROPHARMA,1014.7000122070312,1041.0,1010.2999877929688,1035.8499755859375,2340828
2023-12-14,AUROPHARMA,1038.25,1049.800048828125,1029.0,1045.3499755859375,1361652
2023-12-15,AUROPHARMA,1050.0999755859375,1050.3499755859375,1023.0999755859375,1026.4000244140625,1906773
2023-12-18,AUROPHARMA,1026.4000244140625,1042.0,1018.75,1022.1500244140625,1467996
2023-12-19,AUROPHARMA,1022.3499755859375,1035.0,1009.0,1032.8499755859375,1158237
2023-12-20,AUROPHARMA,1035.0,1081.949951171875,1027.0,1032.800048828125,3474204
2023-12-21,AUROPHARMA,1033.0,1097.800048828125,998.5499877929688,1092.1500244140625,5048465
2023-12-22,AUROPHARMA,1099.9000244140625,1099.9000244140625,1062.800048828125,1066.4000244140625,2781842
2023-12-26,AUROPHARMA,1063.75,1081.0,1046.1500244140625,1063.6500244140625,1416282
2023-12-27,AUROPHARMA,1065.050048828125,1081.199951171875,1061.699951171875,1069.5999755859375,1109660
2023-12-28,AUROPHARMA,1074.800048828125,1094.1500244140625,1049.050048828125,1089.699951171875,2344687
2023-12-29,AUROPHARMA,1094.9000244140625,1097.0,1072.8499755859375,1084.0,1036184
2024-01-01,AUROPHARMA,1085.050048828125,1093.949951171875,1077.050048828125,1080.1500244140625,985073
2024-01-02,AUROPHARMA,1082.050048828125,1110.800048828125,1082.050048828125,1091.949951171875,3350206
2024-01-03,AUROPHARMA,1094.0,1100.25,1077.6500244140625,1091.300048828125,1736602
2024-01-04,AUROPHARMA,1093.0,1122.0,1090.0999755859375,1118.449951171875,1766911
2024-01-05,AUROPHARMA,1118.5,1129.3499755859375,1101.0,1123.949951171875,1501322
2024-01-08,AUROPHARMA,1133.0,1135.0,1105.050048828125,1114.8499755859375,1775295
2024-01-09,AUROPHARMA,1128.050048828125,1130.0,1116.6500244140625,1119.5999755859375,1337843
2024-01-10,AUROPHARMA,1119.5999755859375,1133.949951171875,1092.0,1123.0,2082640
2024-01-11,AUROPHARMA,1134.0,1134.0,1103.300048828125,1108.0,1879540
2024-01-12,AUROPHARMA,1113.0,1113.0,1082.5999755859375,1094.8499755859375,1740303
2024-01-15,AUROPHARMA,1100.0,1163.5999755859375,1097.3499755859375,1149.6500244140625,3335872
2024-01-16,AUROPHARMA,1149.6500244140625,1149.6500244140625,1115.199951171875,1118.8499755859375,1916355
2024-01-17,AUROPHARMA,1114.949951171875,1118.3499755859375,1083.050048828125,1088.6500244140625,2555372
2024-01-18,AUROPHARMA,1087.5,1130.9000244140625,1061.4000244140625,1124.800048828125,3751754
2024-01-19,AUROPHARMA,1130.0,1155.449951171875,1115.199951171875,1148.699951171875,1860722
2024-01-23,AUROPHARMA,1159.9000244140625,1166.300048828125,1126.050048828125,1133.5999755859375,2687597
2024-01-24,AUROPHARMA,1133.5999755859375,1165.449951171875,1112.6500244140625,1160.0999755859375,3035259
2024-01-25,AUROPHARMA,1163.9000244140625,1173.9000244140625,1140.050048828125,1150.8499755859375,1951555
2024-01-29,AUROPHARMA,1151.0,1170.300048828125,1142.050048828125,1160.8499755859375,2487620
2024-01-30,AUROPHARMA,1157.0,1177.0999755859375,1144.050048828125,1156.050048828125,1317033
2024-01-31,AUROPHARMA,1148.1500244140625,1161.699951171875,1121.1500244140625,1150.4000244140625,6067488
2024-02-01,AUROPHARMA,1155.0,1155.050048828125,1035.4000244140625,1070.800048828125,10693504
2024-02-02,AUROPHARMA,1071.0999755859375,1075.0,1050.0,1066.75,4136167
2024-02-05,AUROPHARMA,1052.0,1074.300048828125,1009.3499755859375,1018.25,9198598
2024-02-06,AUROPHARMA,1026.5,1048.9000244140625,1005.25,1014.4000244140625,3897286
2024-02-07,AUROPHARMA,1017.6500244140625,1022.75,977.0,994.25,6590077
2024-02-08,AUROPHARMA,1002.5,1029.800048828125,997.5999755859375,1002.5999755859375,3235131
2024-02-09,AUROPHARMA,1012.5999755859375,1021.0,977.0,1003.1500244140625,3018985
2024-02-12,AUROPHARMA,1035.9000244140625,1035.9000244140625,1000.0499877929688,1018.6500244140625,7764030
2024-02-13,AUROPHARMA,1031.9000244140625,1040.0,1018.0,1026.4000244140625,3447523
2024-02-14,AUROPHARMA,1019.9000244140625,1019.9000244140625,958.5,996.0999755859375,6714469
2024-02-15,AUROPHARMA,998.9500122070312,1024.0,996.4500122070312,1017.2000122070312,3729561
2024-02-16,AUROPHARMA,1024.449951171875,1053.699951171875,1020.5999755859375,1034.199951171875,4276343
2024-02-19,AUROPHARMA,1041.050048828125,1056.800048828125,1034.199951171875,1040.9000244140625,2374532
2024-02-20,AUROPHARMA,1040.9000244140625,1055.0999755859375,1025.050048828125,1052.4000244140625,1754778
2024-02-21,AUROPHARMA,1052.0999755859375,1061.0,1036.449951171875,1040.800048828125,1584527
2024-02-22,AUROPHARMA,1053.949951171875,1053.949951171875,1035.300048828125,1047.0,893988
2024-02-23,AUROPHARMA,1049.0,1054.25,1039.0999755859375,1043.800048828125,1093551
2024-02-26,AUROPHARMA,1043.800048828125,1049.0,1019.0,1041.9000244140625,3005755
2024-02-27,AUROPHARMA,1037.0,1053.0,1033.5999755859375,1045.5999755859375,912097
2024-02-28,AUROPHARMA,1049.5999755859375,1050.550048828125,1022.2000122070312,1028.550048828125,1300541
2024-02-29,AUROPHARMA,1028.550048828125,1032.550048828125,1014.75,1028.0999755859375,1882782
2024-03-01,AUROPHARMA,1020.5999755859375,1032.449951171875,1011.1500244140625,1026.4000244140625,2737303
2024-03-04,AUROPHARMA,1080.0,1114.0,1072.0,1090.9000244140625,3893794
2024-03-05,AUROPHARMA,1086.0999755859375,1098.699951171875,1069.300048828125,1083.8499755859375,2278824
2024-03-06,AUROPHARMA,1081.25,1081.800048828125,1038.0999755859375,1060.199951171875,1717312
2024-03-07,AUROPHARMA,1060.0,1073.6500244140625,1054.449951171875,1058.8499755859375,1168234
2024-03-11,AUROPHARMA,1072.0,1076.9000244140625,1052.1500244140625,1064.699951171875,2372008
2024-03-12,AUROPHARMA,1073.9000244140625,1085.0,1037.1500244140625,1044.699951171875,1492814
2024-03-13,AUROPHARMA,1051.0,1067.3499755859375,985.0499877929688,1005.5999755859375,2054014
2024-03-14,AUROPHARMA,1005.0,1022.1500244140625,990.4000244140625,1011.2999877929688,1744256
2024-03-15,AUROPHARMA,1010.0,1015.7999877929688,984.2999877929688,1001.3499755859375,2084432
2024-03-18,AUROPHARMA,989.9000244140625,1025.0,989.25,1017.5999755859375,2266012
2024-03-19,AUROPHARMA,1015.0,1017.0,986.2000122070312,990.4000244140625,1633129
2024-03-20,AUROPHARMA,1004.0,1022.0,994.0499877929688,1017.25,2058203
2024-03-21,AUROPHARMA,1028.300048828125,1030.800048828125,1012.25,1028.25,1235122
2024-03-22,AUROPHARMA,1004.0,1036.300048828125,1004.0,1019.8499755859375,1430882
2024-03-26,AUROPHARMA,1002.0,1059.25,995.2999877929688,1053.050048828125,1859790
2024-03-27,AUROPHARMA,1050.0,1074.9000244140625,1041.5999755859375,1070.3499755859375,1497184
2024-03-28,AUROPHARMA,1070.3499755859375,1099.25,1064.050048828125,1088.75,2060466
2024-04-01,AUROPHARMA,1113.0,1131.550048828125,1104.550048828125,1113.3499755859375,2560078
2024-04-02,AUROPHARMA,1114.550048828125,1115.0,1094.050048828125,1101.449951171875,1019400
2024-04-03,AUROPHARMA,1103.0,1150.699951171875,1103.0,1137.6500244140625,2589939
2024-04-04,AUROPHARMA,1137.0999755859375,1139.050048828125,1115.25,1123.5999755859375,2299460
2024-04-05,AUROPHARMA,1123.0,1142.0,1120.300048828125,1123.699951171875,1696633
2024-04-08,AUROPHARMA,1129.9000244140625,1129.9000244140625,1104.050048828125,1120.25,1961231
2024-04-09,AUROPHARMA,1124.0,1137.25,1116.050048828125,1131.949951171875,770370
2024-04-10,AUROPHARMA,1132.0,1134.9000244140625,1105.0,1108.6500244140625,1589943
2024-04-12,AUROPHARMA,1110.0999755859375,1127.949951171875,1086.0,1088.449951171875,1216798
2024-04-15,AUROPHARMA,1075.0,1095.75,1072.050048828125,1085.300048828125,2423299
2024-04-16,AUROPHARMA,1075.0,1117.199951171875,1069.300048828125,1111.0999755859375,1700783
2024-04-18,AUROPHARMA,1113.8499755859375,1129.0,1095.800048828125,1114.5,2027734
2024-04-19,AUROPHARMA,1109.0,1109.0,1079.0,1087.050048828125,1304443
2024-04-22,AUROPHARMA,1090.25,1097.6500244140625,1074.25,1076.25,1267744
2024-04-23,AUROPHARMA,1085.0,1096.449951171875,1077.050048828125,1093.25,1150312
2024-04-24,AUROPHARMA,1095.199951171875,1097.0,1080.800048828125,1084.050048828125,923839
2024-04-25,AUROPHARMA,1081.050048828125,1106.949951171875,1079.0999755859375,1103.4000244140625,1642872
2024-04-26,AUROPHARMA,1109.0,1137.5,1104.0,1131.300048828125,1511617
2024-04-29,AUROPHARMA,1137.0,1156.449951171875,1127.25,1151.800048828125,2471250
2024-04-30,AUROPHARMA,1152.800048828125,1175.800048828125,1147.0,1153.5,2442943
2024-05-02,AUROPHARMA,1148.0,1162.949951171875,1145.5999755859375,1156.3499755859375,713707
2024-05-03,AUROPHARMA,1159.0999755859375,1169.5999755859375,1145.0,1151.6500244140625,802670
2024-05-06,AUROPHARMA,1141.5999755859375,1172.0,1141.5999755859375,1163.199951171875,1284525
2024-05-07,AUROPHARMA,1170.0,1170.0,1097.0999755859375,1124.3499755859375,1676642
2024-05-08,AUROPHARMA,1123.800048828125,1145.800048828125,1110.300048828125,1136.0999755859375,1129812
2024-05-09,AUROPHARMA,1136.0,1155.0,1112.1500244140625,1115.300048828125,1442692
2024-05-10,AUROPHARMA,1115.0,1142.9000244140625,1104.25,1127.550048828125,1091418
2024-05-13,AUROPHARMA,1127.5,1185.5,1117.0,1177.5999755859375,3504915
2024-05-14,AUROPHARMA,1187.8499755859375,1190.199951171875,1152.0,1168.5999755859375,1704299
2024-05-15,AUROPHARMA,1169.949951171875,1172.949951171875,1152.0,1158.4000244140625,1001585
2024-05-16,AUROPHARMA,1160.8499755859375,1165.050048828125,1145.3499755859375,1159.949951171875,699002
2024-05-17,AUROPHARMA,1165.0,1185.6500244140625,1157.550048828125,1165.050048828125,1301547
2024-05-21,AUROPHARMA,1202.3499755859375,1227.0,1185.199951171875,1218.25,2431614
2024-05-22,AUROPHARMA,1220.0999755859375,1231.8499755859375,1205.6500244140625,1222.75,1896537
2024-05-23,AUROPHARMA,1228.9000244140625,1235.949951171875,1212.949951171875,1229.8499755859375,706992
2024-05-24,AUROPHARMA,1228.5,1245.699951171875,1221.0,1235.050048828125,1220847
2024-05-27,AUROPHARMA,1208.8499755859375,1238.699951171875,1191.0,1196.3499755859375,4238829
2024-05-28,AUROPHARMA,1215.0,1226.0999755859375,1204.25,1221.0,2079792
2024-05-29,AUROPHARMA,1219.550048828125,1230.0,1203.0999755859375,1218.9000244140625,1130292
2024-05-30,AUROPHARMA,1217.9000244140625,1225.800048828125,1196.9000244140625,1200.5,913732
2024-05-31,AUROPHARMA,1205.5,1211.9000244140625,1162.6500244140625,1185.699951171875,2973908
2024-06-03,AUROPHARMA,1229.0,1230.0,1205.550048828125,1227.4000244140625,1782095
2024-06-04,AUROPHARMA,1227.449951171875,1232.949951171875,1109.449951171875,1197.3499755859375,1434945
2024-06-05,AUROPHARMA,1210.0,1274.550048828125,1197.25,1266.4000244140625,1565785
2024-06-06,AUROPHARMA,1267.4000244140625,1270.949951171875,1233.8499755859375,1251.300048828125,1165617
2024-06-07,AUROPHARMA,1254.050048828125,1292.0999755859375,1251.5,1265.1500244140625,1879997
2024-06-10,AUROPHARMA,1272.0,1277.6500244140625,1228.699951171875,1249.199951171875,2468196
2024-06-11,AUROPHARMA,1250.0999755859375,1267.050048828125,1240.0,1257.0,659538
2024-06-12,AUROPHARMA,1257.0,1260.550048828125,1241.0,1248.949951171875,728599
2024-06-13,AUROPHARMA,1250.0,1261.300048828125,1245.5,1254.6500244140625,556663
2024-06-14,AUROPHARMA,1226.25,1264.6500244140625,1226.25,1259.0,1525146
2024-06-18,AUROPHARMA,1255.0999755859375,1268.050048828125,1212.0,1242.699951171875,4445748
2024-06-19,AUROPHARMA,1242.0,1248.050048828125,1217.949951171875,1221.699951171875,1022658
2024-06-20,AUROPHARMA,1220.050048828125,1246.0999755859375,1207.800048828125,1243.199951171875,791551
2024-06-21,AUROPHARMA,1245.0,1262.300048828125,1235.0,1241.0999755859375,672582
2024-06-24,AUROPHARMA,1234.949951171875,1246.0999755859375,1215.050048828125,1218.6500244140625,1623690
2024-06-25,AUROPHARMA,1227.0,1227.949951171875,1205.0,1217.949951171875,528259
2024-06-26,AUROPHARMA,1214.949951171875,1220.4000244140625,1193.4000244140625,1197.949951171875,1956972
2024-06-27,AUROPHARMA,1198.050048828125,1212.0,1180.0999755859375,1188.25,4916440
2024-06-28,AUROPHARMA,1195.199951171875,1214.699951171875,1192.0,1207.5999755859375,1204101
2024-07-01,AUROPHARMA,1214.050048828125,1226.0,1204.050048828125,1211.800048828125,1447616
2024-07-02,AUROPHARMA,1218.800048828125,1220.949951171875,1203.0,1213.050048828125,529413
2024-07-03,AUROPHARMA,1216.050048828125,1244.0,1208.5,1238.800048828125,1232716
2024-07-04,AUROPHARMA,1238.800048828125,1257.9000244140625,1226.5,1254.6500244140625,848096
2024-07-05,AUROPHARMA,1255.0,1311.800048828125,1255.0,1303.550048828125,2708670
2024-07-08,AUROPHARMA,1305.0999755859375,1327.699951171875,1285.75,1305.4000244140625,1486444
2024-07-09,AUROPHARMA,1304.800048828125,1338.0,1290.25,1332.4000244140625,1708700
2024-07-10,AUROPHARMA,1335.0,1344.199951171875,1306.0,1337.0999755859375,1296174
2024-07-11,AUROPHARMA,1334.0,1338.1500244140625,1315.0999755859375,1317.9000244140625,487859
2024-07-12,AUROPHARMA,1317.9000244140625,1330.0,1311.0,1326.8499755859375,479843
2024-07-15,AUROPHARMA,1360.0,1409.9000244140625,1342.199951171875,1374.8499755859375,6364673
2024-07-16,AUROPHARMA,1380.0,1388.050048828125,1367.300048828125,1371.050048828125,1174233
2024-07-18,AUROPHARMA,1371.050048828125,1377.800048828125,1320.0999755859375,1336.4000244140625,1844711
2024-07-19,AUROPHARMA,1341.3499755859375,1353.699951171875,1323.6500244140625,1330.800048828125,696142
2024-07-22,AUROPHARMA,1332.0,1363.699951171875,1314.449951171875,1344.550048828125,1403561
2024-07-23,AUROPHARMA,1344.550048828125,1363.800048828125,1318.0,1357.75,650569
2024-07-24,AUROPHARMA,1357.75,1366.699951171875,1348.199951171875,1353.699951171875,504760
2024-07-25,AUROPHARMA,1349.449951171875,1366.4000244140625,1340.25,1362.800048828125,530041
2024-07-26,AUROPHARMA,1365.800048828125,1389.0,1360.949951171875,1386.199951171875,862019
2024-07-29,AUROPHARMA,1390.0,1417.0,1387.5999755859375,1405.0,2165307
2024-07-30,AUROPHARMA,1399.0,1423.050048828125,1393.5999755859375,1399.449951171875,709701
2024-07-31,AUROPHARMA,1399.5,1440.699951171875,1399.449951171875,1434.1500244140625,1265697
2024-08-01,AUROPHARMA,1434.0999755859375,1441.0,1424.0999755859375,1432.8499755859375,542547
2024-08-02,AUROPHARMA,1422.0999755859375,1450.800048828125,1419.050048828125,1443.300048828125,1187900
2024-08-05,AUROPHARMA,1428.3499755859375,1442.0,1408.4000244140625,1421.25,1856025
2024-08-06,AUROPHARMA,1421.9000244140625,1439.449951171875,1395.0,1401.5999755859375,846788
2024-08-07,AUROPHARMA,1416.5999755859375,1472.0999755859375,1414.25,1465.1500244140625,2819701
2024-08-08,AUROPHARMA,1470.0,1487.949951171875,1448.0,1479.300048828125,1977114
2024-08-09,AUROPHARMA,1480.4000244140625,1488.300048828125,1431.050048828125,1449.699951171875,1983341
2024-08-12,AUROPHARMA,1460.0,1490.0,1440.5999755859375,1461.800048828125,2459665
2024-08-13,AUROPHARMA,1476.0,1533.199951171875,1461.800048828125,1505.800048828125,3867134
2024-08-14,AUROPHARMA,1506.9000244140625,1525.0,1474.050048828125,1519.699951171875,1961578
2024-08-16,AUROPHARMA,1525.0,1527.0,1421.449951171875,1502.75,4458082
2024-08-19,AUROPHARMA,1502.0999755859375,1536.6500244140625,1490.300048828125,1519.199951171875,1472094
2024-08-20,AUROPHARMA,1520.0,1543.25,1515.0,1537.300048828125,1113655
2024-08-21,AUROPHARMA,1537.300048828125,1539.949951171875,1490.0999755859375,1511.5,1789751
2024-08-22,AUROPHARMA,1519.0,1539.6500244140625,1504.0,1533.8499755859375,1063659
2024-08-23,AUROPHARMA,1529.050048828125,1547.0,1525.550048828125,1538.199951171875,852282
2024-08-26,AUROPHARMA,1538.0,1555.1500244140625,1531.0999755859375,1547.8499755859375,738245
2024-08-27,AUROPHARMA,1543.5999755859375,1556.1500244140625,1537.9000244140625,1551.949951171875,434249
2024-08-28,AUROPHARMA,1551.949951171875,1578.3499755859375,1544.949951171875,1564.199951171875,999085
2024-08-29,AUROPHARMA,1555.550048828125,1574.9000244140625,1555.0999755859375,1563.1500244140625,573393
2024-08-30,AUROPHARMA,1560.0,1580.5999755859375,1551.0,1569.4000244140625,1757837
2024-09-02,AUROPHARMA,1580.800048828125,1584.449951171875,1549.0999755859375,1553.949951171875,728911
2024-09-03,AUROPHARMA,1553.0,1569.800048828125,1546.4000244140625,1549.4000244140625,1033542
2024-09-04,AUROPHARMA,1528.0,1556.5,1528.0,1550.1500244140625,1069656
2024-09-05,AUROPHARMA,1542.1500244140625,1559.0,1529.5,1533.550048828125,1023539
2024-09-06,AUROPHARMA,1533.800048828125,1546.75,1516.25,1537.4000244140625,1043914
2024-09-09,AUROPHARMA,1537.3499755859375,1540.0,1512.75,1518.5,841713
2024-09-10,AUROPHARMA,1528.0,1534.699951171875,1515.199951171875,1518.4000244140625,877176
2024-09-11,AUROPHARMA,1533.5999755859375,1546.199951171875,1502.4000244140625,1507.4000244140625,979903
2024-09-12,AUROPHARMA,1521.5,1578.0,1521.5,1561.449951171875,4067763
2024-09-13,AUROPHARMA,1565.0,1592.0,1555.0,1567.25,1185312
2024-09-16,AUROPHARMA,1574.8499755859375,1583.949951171875,1551.300048828125,1564.0,1277762
2024-09-17,AUROPHARMA,1564.0,1568.300048828125,1549.050048828125,1552.449951171875,584857
2024-09-18,AUROPHARMA,1552.449951171875,1559.9000244140625,1518.050048828125,1539.1500244140625,581463
2024-09-19,AUROPHARMA,1550.0999755859375,1559.9000244140625,1511.0,1528.0999755859375,692586
2024-09-20,AUROPHARMA,1537.800048828125,1540.8499755859375,1482.5999755859375,1496.3499755859375,2007987
2024-09-23,AUROPHARMA,1498.0,1510.5,1470.0,1480.949951171875,2358329
2024-09-24,AUROPHARMA,1487.0,1508.300048828125,1471.699951171875,1501.1500244140625,1153620
2024-09-25,AUROPHARMA,1507.0,1531.449951171875,1498.5,1526.75,1026040
2024-09-26,AUROPHARMA,1530.0999755859375,1530.300048828125,1493.9000244140625,1515.300048828125,853880
2024-09-27,AUROPHARMA,1505.0,1520.8499755859375,1489.6500244140625,1511.3499755859375,704353
2024-09-30,AUROPHARMA,1512.050048828125,1518.9000244140625,1444.0,1460.699951171875,1857748
2024-10-01,AUROPHARMA,1455.0,1461.699951171875,1407.0,1438.300048828125,2603178
2024-10-03,AUROPHARMA,1438.300048828125,1463.25,1425.0,1458.5999755859375,1525846
2024-10-04,AUROPHARMA,1458.0,1489.699951171875,1442.199951171875,1466.050048828125,923928
2024-10-07,AUROPHARMA,1467.0,1488.8499755859375,1442.300048828125,1466.5999755859375,1218725
2024-10-08,AUROPHARMA,1453.0,1495.5,1439.5,1491.25,661516
2024-10-09,AUROPHARMA,1492.050048828125,1520.050048828125,1483.300048828125,1509.300048828125,791236
2024-10-10,AUROPHARMA,1511.949951171875,1515.9000244140625,1456.4000244140625,1465.949951171875,1145802
2024-10-11,AUROPHARMA,1477.0,1499.0,1474.300048828125,1495.8499755859375,620340
2024-10-14,AUROPHARMA,1496.0999755859375,1502.699951171875,1469.25,1489.25,741192
2024-10-15,AUROPHARMA,1497.0,1499.1500244140625,1466.550048828125,1480.050048828125,574286
2024-10-16,AUROPHARMA,1480.050048828125,1487.3499755859375,1464.25,1482.050048828125,606484
2024-10-17,AUROPHARMA,1482.050048828125,1487.050048828125,1462.4000244140625,1468.6500244140625,736438
2024-10-18,AUROPHARMA,1460.0,1481.550048828125,1450.0,1472.699951171875,437609
2024-10-21,AUROPHARMA,1473.0999755859375,1499.5,1448.5999755859375,1460.25,874694
2024-10-22,AUROPHARMA,1460.25,1482.300048828125,1441.199951171875,1447.5999755859375,661461
2024-10-23,AUROPHARMA,1446.0999755859375,1466.1500244140625,1429.449951171875,1434.0,623144
2024-10-24,AUROPHARMA,1432.0,1451.8499755859375,1428.550048828125,1442.199951171875,451113
2024-10-25,AUROPHARMA,1441.0999755859375,1456.8499755859375,1415.199951171875,1428.1500244140625,470066
2024-10-28,AUROPHARMA,1422.3499755859375,1442.3499755859375,1405.800048828125,1434.550048828125,1258823
2024-10-29,AUROPHARMA,1442.0,1442.0,1398.050048828125,1412.3499755859375,569909
2024-10-30,AUROPHARMA,1406.0,1419.949951171875,1385.050048828125,1405.1500244140625,535058
2024-10-31,AUROPHARMA,1405.9000244140625,1418.9000244140625,1388.949951171875,1396.5,766784
2024-11-01,AUROPHARMA,1407.449951171875,1410.0,1394.0,1400.699951171875,39844
2024-11-04,AUROPHARMA,1396.449951171875,1410.5999755859375,1382.4000244140625,1407.199951171875,872401
2024-11-05,AUROPHARMA,1407.0,1417.300048828125,1360.6500244140625,1396.949951171875,999959
2024-11-06,AUROPHARMA,1400.0999755859375,1412.550048828125,1392.300048828125,1394.8499755859375,1415063
2024-11-07,AUROPHARMA,1395.5,1398.8499755859375,1346.0999755859375,1350.5999755859375,870337
2024-11-08,AUROPHARMA,1355.0,1357.9000244140625,1319.5,1327.550048828125,2540891
2024-11-11,AUROPHARMA,1331.0,1360.699951171875,1257.449951171875,1289.050048828125,3249749
2024-11-12,AUROPHARMA,1289.050048828125,1302.449951171875,1258.0,1267.4000244140625,1007201
2024-11-13,AUROPHARMA,1273.800048828125,1273.800048828125,1240.550048828125,1249.449951171875,803439
2024-11-14,AUROPHARMA,1250.4000244140625,1272.25,1241.8499755859375,1249.0,832369
2024-11-18,AUROPHARMA,1245.199951171875,1254.75,1232.4000244140625,1235.4000244140625,1362480
2024-11-19,AUROPHARMA,1239.1500244140625,1267.3499755859375,1232.050048828125,1250.0999755859375,879809
2024-11-21,AUROPHARMA,1254.0,1254.0,1216.0,1220.0,397961
2024-11-22,AUROPHARMA,1220.0,1231.4000244140625,1215.5999755859375,1223.699951171875,494219
2024-11-25,AUROPHARMA,1245.0,1254.699951171875,1231.9000244140625,1241.75,1756461
2024-11-26,AUROPHARMA,1241.75,1246.0999755859375,1218.1500244140625,1227.449951171875,1342648
2024-11-27,AUROPHARMA,1229.0,1236.550048828125,1218.0999755859375,1223.4000244140625,1024328
2024-11-28,AUROPHARMA,1227.0,1244.0,1220.75,1238.4000244140625,954650
2024-11-29,AUROPHARMA,1241.0,1269.1500244140625,1241.0,1262.5999755859375,1170576
2024-12-02,AUROPHARMA,1263.0,1269.800048828125,1242.0,1254.75,985151
2024-12-03,AUROPHARMA,1265.0,1276.5,1242.0,1264.300048828125,2128922
2024-12-04,AUROPHARMA,1269.699951171875,1270.5999755859375,1236.0,1259.4000244140625,1411867
2024-12-05,AUROPHARMA,1266.0,1266.550048828125,1233.949951171875,1243.6500244140625,987143
2024-12-06,AUROPHARMA,1250.0999755859375,1254.8499755859375,1237.5,1246.199951171875,572093
2024-12-09,AUROPHARMA,1247.449951171875,1259.0,1237.0,1239.5,539252
2024-12-10,AUROPHARMA,1241.0999755859375,1247.300048828125,1230.5999755859375,1237.0999755859375,620064
2024-12-11,AUROPHARMA,1236.0,1240.75,1224.050048828125,1225.8499755859375,811906
2024-12-12,AUROPHARMA,1231.0999755859375,1234.0,1210.75,1214.5999755859375,719135
2024-12-13,AUROPHARMA,1216.0999755859375,1218.8499755859375,1173.0999755859375,1208.4000244140625,954145
2024-12-16,AUROPHARMA,1225.0,1247.300048828125,1220.0,1244.699951171875,1105189
2024-12-17,AUROPHARMA,1244.699951171875,1249.0999755859375,1210.6500244140625,1213.75,513147
2024-12-18,AUROPHARMA,1206.199951171875,1256.4000244140625,1203.1500244140625,1247.550048828125,2270635
2024-12-19,AUROPHARMA,1241.550048828125,1274.0,1231.0,1254.699951171875,1171731
2024-12-20,AUROPHARMA,1254.800048828125,1275.300048828125,1235.699951171875,1241.699951171875,1843118
2024-12-23,AUROPHARMA,1263.6500244140625,1265.0,1238.0,1252.949951171875,788664
2024-12-24,AUROPHARMA,1258.800048828125,1269.0999755859375,1246.300048828125,1262.449951171875,565043
2024-12-26,AUROPHARMA,1268.0,1270.9000244140625,1246.1500244140625,1256.25,233825
2024-12-27,AUROPHARMA,1255.0,1275.0,1251.1500244140625,1269.949951171875,647408
2024-12-30,AUROPHARMA,1273.0,1307.25,1265.949951171875,1298.300048828125,2681922
2024-12-31,AUROPHARMA,1302.0,1340.8499755859375,1296.3499755859375,1334.5,2558819
2025-01-01,AUROPHARMA,1334.8499755859375,1355.550048828125,1327.0,1353.25,949066
2025-01-02,AUROPHARMA,1353.0,1356.199951171875,1333.4000244140625,1348.800048828125,1145912
2025-01-03,AUROPHARMA,1348.800048828125,1350.0,1313.6500244140625,1319.449951171875,931933
2025-01-06,AUROPHARMA,1324.0,1325.0,1300.0999755859375,1312.800048828125,732526
2025-01-07,AUROPHARMA,1314.0,1328.0,1293.8499755859375,1297.5,1332147
2025-01-08,AUROPHARMA,1302.050048828125,1307.0,1262.0999755859375,1281.6500244140625,635389
2025-01-09,AUROPHARMA,1277.0999755859375,1294.8499755859375,1245.0,1248.4000244140625,872743
2025-01-10,AUROPHARMA,1248.4000244140625,1254.699951171875,1183.050048828125,1199.550048828125,2358646
2025-01-13,AUROPHARMA,1191.6500244140625,1191.6500244140625,1152.449951171875,1161.4000244140625,2921597
2025-01-14,AUROPHARMA,1162.949951171875,1182.699951171875,1154.550048828125,1174.5,525458
2025-01-15,AUROPHARMA,1176.5,1179.75,1144.5,1147.550048828125,974366
2025-01-16,AUROPHARMA,1154.550048828125,1162.5,1148.0999755859375,1156.300048828125,383031
2025-01-17,AUROPHARMA,1156.0,1181.800048828125,1144.1500244140625,1178.3499755859375,656989
2025-01-20,AUROPHARMA,1180.050048828125,1207.1500244140625,1173.5999755859375,1202.050048828125,617523
2025-01-21,AUROPHARMA,1202.0999755859375,1219.8499755859375,1184.949951171875,1187.0,456276
2025-01-22,AUROPHARMA,1187.0,1194.699951171875,1170.75,1191.800048828125,603526
2025-01-23,AUROPHARMA,1215.0,1257.1500244140625,1197.3499755859375,1244.800048828125,1314811
2025-01-24,AUROPHARMA,1240.0,1244.0,1207.0,1212.199951171875,553259
2025-01-27,AUROPHARMA,1200.0,1204.5999755859375,1159.25,1176.300048828125,776135
2025-01-28,AUROPHARMA,1175.0999755859375,1175.449951171875,1135.0,1138.5999755859375,720351
2025-01-29,AUROPHARMA,1137.0,1161.8499755859375,1133.050048828125,1156.1500244140625,540377
2025-01-30,AUROPHARMA,1165.0,1193.3499755859375,1159.5999755859375,1183.1500244140625,1023976
2025-01-31,AUROPHARMA,1180.0999755859375,1189.449951171875,1162.0999755859375,1171.9000244140625,931694
2025-02-01,AUROPHARMA,1179.449951171875,1179.449951171875,1136.449951171875,1142.5999755859375,404202
2025-02-03,AUROPHARMA,1135.0,1138.300048828125,1100.0999755859375,1125.4000244140625,619531
2025-02-04,AUROPHARMA,1131.0999755859375,1174.949951171875,1131.0999755859375,1171.300048828125,751116
2025-02-05,AUROPHARMA,1170.0999755859375,1211.9000244140625,1163.75,1191.75,1184630
2025-02-06,AUROPHARMA,1191.0,1209.699951171875,1186.0999755859375,1191.800048828125,1115974
2025-02-07,AUROPHARMA,1185.0,1219.9000244140625,1175.3499755859375,1191.699951171875,1233173
2025-02-10,AUROPHARMA,1192.0,1195.8499755859375,1156.25,1177.1500244140625,567422
2025-02-11,AUROPHARMA,1179.0,1179.0,1137.25,1147.699951171875,424894
2025-02-12,AUROPHARMA,1150.0999755859375,1155.199951171875,1120.5999755859375,1144.550048828125,614174
2025-02-13,AUROPHARMA,1146.0,1208.0,1146.0,1179.949951171875,1684066
2025-02-14,AUROPHARMA,1190.949951171875,1199.0,1123.0,1131.3499755859375,1239852
2025-02-17,AUROPHARMA,1131.3499755859375,1173.0,1109.449951171875,1169.5999755859375,699945
2025-02-18,AUROPHARMA,1161.0999755859375,1170.6500244140625,1138.5999755859375,1163.3499755859375,547034
2025-02-19,AUROPHARMA,1115.0,1138.550048828125,1052.699951171875,1135.199951171875,3754940
2025-02-20,AUROPHARMA,1125.0,1133.75,1107.0,1121.25,726288
2025-02-21,AUROPHARMA,1118.0,1126.8499755859375,1096.550048828125,1115.1500244140625,1093980
2025-02-24,AUROPHARMA,1114.9000244140625,1127.0,1096.550048828125,1101.800048828125,513334
2025-02-25,AUROPHARMA,1099.9000244140625,1109.800048828125,1076.0,1081.050048828125,856818
2025-02-27,AUROPHARMA,1081.6500244140625,1090.0,1065.8499755859375,1080.699951171875,884839
2025-02-28,AUROPHARMA,1075.9000244140625,1076.3499755859375,1053.300048828125,1058.300048828125,795117
2025-03-03,AUROPHARMA,1061.5,1070.0,1036.800048828125,1062.5,1226600
2025-03-04,AUROPHARMA,1045.050048828125,1064.5999755859375,1031.050048828125,1051.75,730626
2025-03-05,AUROPHARMA,1052.0,1104.949951171875,1050.050048828125,1093.0,916437
2025-03-06,AUROPHARMA,1108.0,1119.300048828125,1098.8499755859375,1114.5,516119
2025-03-07,AUROPHARMA,1107.800048828125,1118.4000244140625,1092.0,1097.4000244140625,886545
2025-03-10,AUROPHARMA,1095.0999755859375,1114.9000244140625,1087.300048828125,1093.199951171875,551628
2025-03-11,AUROPHARMA,1088.0,1099.0,1083.3499755859375,1090.6500244140625,714336
2025-03-12,AUROPHARMA,1090.0,1112.9000244140625,1080.25,1107.9000244140625,895448
2025-03-13,AUROPHARMA,1109.0,1117.0999755859375,1090.0,1094.75,516686
2025-03-17,AUROPHARMA,1095.0,1123.699951171875,1092.6500244140625,1111.699951171875,799921
2025-03-18,AUROPHARMA,1111.699951171875,1111.699951171875,1111.699951171875,1111.699951171875,0
2025-03-19,AUROPHARMA,1143.0,1166.449951171875,1133.0,1163.800048828125,665692
2025-03-20,AUROPHARMA,1170.0,1179.949951171875,1157.75,1174.1500244140625,377212
2025-03-21,AUROPHARMA,1178.0,1204.699951171875,1178.0,1200.3499755859375,1526252
2025-03-24,AUROPHARMA,1209.0,1230.699951171875,1204.3499755859375,1209.5999755859375,498642
2025-03-25,AUROPHARMA,1223.949951171875,1223.949951171875,1171.1500244140625,1194.949951171875,894235
2025-03-26,AUROPHARMA,1191.0,1208.9000244140625,1155.0,1157.449951171875,811910
2025-03-27,AUROPHARMA,1150.0,1170.5999755859375,1131.8499755859375,1164.25,1209073
2025-03-28,AUROPHARMA,1165.0999755859375,1176.0,1148.449951171875,1160.5,691447
2025-04-01,AUROPHARMA,1156.5,1186.199951171875,1126.449951171875,1134.1500244140625,1120912
2025-04-02,AUROPHARMA,1133.0,1161.949951171875,1117.4000244140625,1157.8499755859375,1036861
2025-04-03,AUROPHARMA,1229.0,1267.300048828125,1173.050048828125,1176.3499755859375,7501804
2025-04-04,AUROPHARMA,1177.0,1179.449951171875,1050.0999755859375,1105.3499755859375,7151515
2025-04-07,AUROPHARMA,1010.0,1109.800048828125,1010.0,1094.050048828125,2733813
2025-04-08,AUROPHARMA,1100.300048828125,1128.9000244140625,1091.1500244140625,1097.0,679847
2025-04-09,AUROPHARMA,1056.0999755859375,1076.5,1042.199951171875,1058.0,2530340
2025-04-11,AUROPHARMA,1099.5,1109.800048828125,1073.0999755859375,1082.449951171875,1559821
2025-04-15,AUROPHARMA,1110.0,1138.0,1099.0,1134.699951171875,1142896
2025-04-16,AUROPHARMA,1138.0,1152.800048828125,1119.300048828125,1133.4000244140625,1166098
2025-04-17,AUROPHARMA,1133.5,1174.0,1131.4000244140625,1171.5999755859375,769623
2025-04-21,AUROPHARMA,1180.0,1203.5999755859375,1167.0,1201.199951171875,653501
2025-04-22,AUROPHARMA,1201.199951171875,1215.4000244140625,1183.0,1187.699951171875,494883
2025-04-23,AUROPHARMA,1204.0,1253.0,1182.800048828125,1246.800048828125,1339975
2025-04-24,AUROPHARMA,1246.800048828125,1278.5999755859375,1239.800048828125,1257.800048828125,1338298
2025-04-25,AUROPHARMA,1257.9000244140625,1268.9000244140625,1210.0,1220.0999755859375,780001
2025-04-28,AUROPHARMA,1216.0,1260.199951171875,1214.9000244140625,1247.199951171875,1117663
2025-04-29,AUROPHARMA,1238.4000244140625,1244.0999755859375,1203.4000244140625,1209.5999755859375,1423459
2025-04-30,AUROPHARMA,1213.300048828125,1235.0,1212.0,1229.0999755859375,1099983
2025-05-02,AUROPHARMA,1234.0,1248.5,1204.5,1207.199951171875,522378
2025-05-05,AUROPHARMA,1220.0,1251.0,1214.9000244140625,1242.0,975562
2025-05-06,AUROPHARMA,1225.0,1225.0,1186.0999755859375,1210.0999755859375,1470105
2025-05-07,AUROPHARMA,1187.4000244140625,1217.0,1186.5,1197.0999755859375,878978
2025-05-08,AUROPHARMA,1200.4000244140625,1207.0999755859375,1151.5,1157.5999755859375,996518
2025-05-09,AUROPHARMA,1148.0,1167.0,1126.0,1164.4000244140625,645513
2025-05-12,AUROPHARMA,1155.300048828125,1209.800048828125,1119.9000244140625,1205.9000244140625,2357817
2025-05-13,AUROPHARMA,1225.0,1251.4000244140625,1220.0999755859375,1223.800048828125,1737594
2025-05-14,AUROPHARMA,1230.0,1233.5999755859375,1208.300048828125,1220.0,763945
2025-05-15,AUROPHARMA,1229.699951171875,1229.699951171875,1209.699951171875,1216.9000244140625,831085
2025-05-16,AUROPHARMA,1222.199951171875,1225.4000244140625,1197.0,1201.199951171875,1046820
2025-05-19,AUROPHARMA,1205.0,1225.9000244140625,1201.4000244140625,1205.9000244140625,750206
2025-05-20,AUROPHARMA,1209.5,1219.5999755859375,1190.0,1191.800048828125,1035751
2025-05-21,AUROPHARMA,1187.199951171875,1223.9000244140625,1187.199951171875,1204.0999755859375,1378799
2025-05-22,AUROPHARMA,1208.0,1210.800048828125,1176.0,1188.199951171875,654454
2025-05-23,AUROPHARMA,1194.0,1200.800048828125,1179.199951171875,1197.0999755859375,395839
2025-05-26,AUROPHARMA,1200.0,1208.199951171875,1175.5,1180.9000244140625,590169
2025-05-27,AUROPHARMA,1172.9000244140625,1207.699951171875,1165.0,1191.199951171875,2537489
2025-05-28,AUROPHARMA,1189.5,1190.699951171875,1142.0,1147.800048828125,1847701
2025-05-29,AUROPHARMA,1160.0,1176.199951171875,1147.0,1172.9000244140625,1501372
2025-05-30,AUROPHARMA,1172.0,1174.0,1144.300048828125,1147.800048828125,2022281
2025-06-02,AUROPHARMA,1151.0,1155.0,1131.0999755859375,1136.800048828125,1025524
2025-06-03,AUROPHARMA,1136.800048828125,1152.9000244140625,1128.9000244140625,1143.800048828125,1839557
2025-06-04,AUROPHARMA,1145.0,1152.800048828125,1135.0999755859375,1138.699951171875,1100512
2025-06-05,AUROPHARMA,1141.800048828125,1161.5,1141.800048828125,1159.5,709774
2025-06-06,AUROPHARMA,1160.9000244140625,1174.5999755859375,1150.0,1161.0999755859375,392642
2025-06-09,AUROPHARMA,1161.9000244140625,1173.9000244140625,1158.0999755859375,1161.0999755859375,412132
2025-06-10,AUROPHARMA,1162.0,1172.5,1152.5,1170.9000244140625,564177
2025-06-11,AUROPHARMA,1194.300048828125,1194.300048828125,1156.4000244140625,1161.0,1341981
2025-06-12,AUROPHARMA,1164.800048828125,1180.199951171875,1151.0,1155.199951171875,973800
2025-06-13,AUROPHARMA,1141.0,1155.0,1135.5999755859375,1150.199951171875,1133056
2025-06-16,AUROPHARMA,1152.0999755859375,1157.0,1137.5999755859375,1145.4000244140625,878308
2025-06-17,AUROPHARMA,1145.4000244140625,1149.800048828125,1094.4000244140625,1109.699951171875,2690978
2025-06-18,AUROPHARMA,1109.699951171875,1123.9000244140625,1101.0,1105.300048828125,860388
2025-06-19,AUROPHARMA,1106.0,1111.4000244140625,1078.5,1082.5,976481
2025-06-20,AUROPHARMA,1087.9000244140625,1103.0,1081.0,1097.199951171875,2471302
2025-06-23,AUROPHARMA,1094.0999755859375,1105.4000244140625,1087.199951171875,1099.699951171875,344580
2025-06-24,AUROPHARMA,1102.0,1118.5,1101.0999755859375,1104.199951171875,400107
2025-06-25,AUROPHARMA,1117.0,1122.0999755859375,1106.800048828125,1120.199951171875,816881
2025-06-26,AUROPHARMA,1132.0,1135.0,1114.0999755859375,1123.199951171875,1110836
2025-06-27,AUROPHARMA,1128.699951171875,1138.800048828125,1119.0,1121.0,1627657
2025-06-30,AUROPHARMA,1150.0,1159.9000244140625,1130.0,1134.800048828125,1653812
2025-07-01,AUROPHARMA,1137.0999755859375,1138.5,1112.0,1132.5,961883
2025-07-02,AUROPHARMA,1133.0,1167.5999755859375,1131.0999755859375,1158.0,1558073
2025-07-03,AUROPHARMA,1164.0,1164.0,1144.199951171875,1156.0999755859375,1234364
2025-07-04,AUROPHARMA,1160.0999755859375,1197.0,1158.5999755859375,1191.300048828125,1933477
2025-07-07,AUROPHARMA,1188.0,1193.0,1176.0,1185.0999755859375,697326
2025-07-08,AUROPHARMA,1169.0999755859375,1171.9000244140625,1130.699951171875,1147.699951171875,2226072
2025-07-09,AUROPHARMA,1152.0,1164.5,1135.300048828125,1142.5999755859375,1453848
2025-07-10,AUROPHARMA,1143.0,1151.0,1127.0999755859375,1129.9000244140625,869017
2025-07-11,AUROPHARMA,1135.0,1139.0,1115.199951171875,1124.800048828125,1058978
2025-07-14,AUROPHARMA,1124.699951171875,1147.699951171875,1122.5999755859375,1138.5999755859375,819943
2025-07-15,AUROPHARMA,1140.0999755859375,1157.0,1134.0,1152.0,847119
2025-07-16,AUROPHARMA,1151.800048828125,1156.9000244140625,1143.800048828125,1152.9000244140625,580099
2025-07-17,AUROPHARMA,1153.0,1166.800048828125,1151.300048828125,1154.199951171875,549875
2025-07-18,AUROPHARMA,1155.0,1155.800048828125,1136.699951171875,1139.5,421109
2025-07-21,AUROPHARMA,1139.0,1148.5999755859375,1132.0999755859375,1138.5,330975
2025-07-22,AUROPHARMA,1139.0,1142.300048828125,1100.0,1101.4000244140625,1119847
2025-07-23,AUROPHARMA,1104.0999755859375,1119.0999755859375,1104.0999755859375,1117.4000244140625,547355
2025-07-24,AUROPHARMA,1120.0999755859375,1130.0,1111.800048828125,1114.0999755859375,1069867
2025-07-25,AUROPHARMA,1120.0999755859375,1130.699951171875,1107.0,1122.800048828125,695747
2025-07-28,AUROPHARMA,1124.0,1135.0,1118.699951171875,1127.0,740682
2025-07-29,AUROPHARMA,1122.0999755859375,1160.699951171875,1121.9000244140625,1158.0999755859375,800744
2025-07-30,AUROPHARMA,1161.0999755859375,1162.699951171875,1142.5,1158.0,672250
2025-07-31,AUROPHARMA,1150.0,1172.699951171875,1135.0,1139.800048828125,5490626
2025-08-01,AUROPHARMA,1142.0,1144.0,1075.300048828125,1079.800048828125,2025491
2025-08-04,AUROPHARMA,1085.0999755859375,1101.4000244140625,1076.0,1090.4000244140625,716719
2025-08-05,AUROPHARMA,1073.0999755859375,1109.4000244140625,1060.9000244140625,1079.300048828125,2733423
2025-08-06,AUROPHARMA,1070.9000244140625,1085.0,1060.199951171875,1072.300048828125,1830084
2025-08-07,AUROPHARMA,1060.0999755859375,1084.300048828125,1047.5999755859375,1069.5999755859375,947918
2025-08-08,AUROPHARMA,1070.0999755859375,1070.800048828125,1039.199951171875,1042.0999755859375,881747
2025-08-11,AUROPHARMA,1042.0,1056.4000244140625,1031.800048828125,1052.9000244140625,796011
2025-08-12,AUROPHARMA,1052.5,1068.5,1045.0999755859375,1058.199951171875,668937
2025-08-13,AUROPHARMA,1059.199951171875,1083.5999755859375,1057.199951171875,1078.199951171875,444446
2025-08-14,AUROPHARMA,1081.0,1113.0,1070.0,1083.5999755859375,1154139
2025-08-18,AUROPHARMA,1093.699951171875,1093.699951171875,1070.800048828125,1089.300048828125,1030797
2025-08-19,AUROPHARMA,1092.0,1098.800048828125,1086.0,1089.699951171875,258816
2025-08-20,AUROPHARMA,1070.0,1078.0,1039.0,1046.4000244140625,4610136
2025-08-21,AUROPHARMA,1045.0,1054.5999755859375,1032.5,1041.0,1522514
2025-08-22,AUROPHARMA,1048.0,1056.5999755859375,1036.5,1050.4000244140625,1872943
2025-08-25,AUROPHARMA,1055.5,1075.9000244140625,1052.4000244140625,1067.4000244140625,763968
2025-08-26,AUROPHARMA,1065.0,1067.0,1042.699951171875,1045.5999755859375,2586406
2025-08-28,AUROPHARMA,1046.699951171875,1047.300048828125,1021.7000122070312,1026.300048828125,2342067
2025-08-29,AUROPHARMA,1035.0999755859375,1040.0999755859375,1020.0,1027.9000244140625,882168
2025-09-01,AUROPHARMA,1022.7999877929688,1035.800048828125,1016.0999755859375,1025.0,1626317
2025-09-02,AUROPHARMA,1027.5999755859375,1032.9000244140625,1016.2000122070312,1022.2000122070312,947610
2025-09-03,AUROPHARMA,1025.0,1041.5,1021.0,1034.9000244140625,982554
2025-09-04,AUROPHARMA,1055.0,1055.0,1033.0999755859375,1036.0,422479
2025-09-05,AUROPHARMA,1038.300048828125,1054.800048828125,1033.199951171875,1044.0999755859375,738814
2025-09-08,AUROPHARMA,1040.4000244140625,1052.5999755859375,1035.4000244140625,1040.199951171875,415761
2025-09-09,AUROPHARMA,1041.0,1050.0,1036.0,1043.9000244140625,1036358
2025-09-10,AUROPHARMA,1053.0,1074.0,1048.0,1050.300048828125,1684330
2025-09-11,AUROPHARMA,1065.0,1117.9000244140625,1061.300048828125,1109.199951171875,5850105
2025-09-12,AUROPHARMA,1103.0999755859375,1118.4000244140625,1091.0,1094.4000244140625,794187
2025-09-15,AUROPHARMA,1090.0,1105.9000244140625,1075.0999755859375,1100.0999755859375,1368536
2025-09-16,AUROPHARMA,1100.0,1109.0,1088.699951171875,1091.5999755859375,1225324
2025-09-17,AUROPHARMA,1096.0,1103.800048828125,1087.5,1095.699951171875,796923
2025-09-18,AUROPHARMA,1100.5,1132.0,1095.800048828125,1128.9000244140625,1829041
2025-09-19,AUROPHARMA,1130.0,1138.0,1116.9000244140625,1119.199951171875,958952
2025-09-22,AUROPHARMA,1120.0999755859375,1127.0,1110.0,1117.4000244140625,1491052
2025-09-23,AUROPHARMA,1112.0,1124.0,1099.199951171875,1109.9000244140625,1396979
2025-09-24,AUROPHARMA,1109.9000244140625,1112.5999755859375,1088.800048828125,1090.9000244140625,1246781
2025-09-25,AUROPHARMA,1092.0999755859375,1108.699951171875,1092.0999755859375,1097.0,1710962
2025-09-26,AUROPHARMA,1080.5,1100.300048828125,1072.0,1090.0,2425821
2025-09-29,AUROPHARMA,1106.0,1106.0999755859375,1078.699951171875,1089.5,1318867
2025-09-30,AUROPHARMA,1088.0,1097.9000244140625,1075.5999755859375,1083.9000244140625,588018
2025-10-01,AUROPHARMA,1086.9000244140625,1104.199951171875,1083.9000244140625,1086.0,1043316
2025-10-03,AUROPHARMA,1095.0,1102.5999755859375,1086.800048828125,1093.300048828125,517528
2025-10-06,AUROPHARMA,1092.300048828125,1100.0,1078.199951171875,1096.5,645481
2025-10-07,AUROPHARMA,1099.0,1100.800048828125,1074.9000244140625,1090.0999755859375,1177833
2025-10-08,AUROPHARMA,1091.5,1102.800048828125,1066.800048828125,1070.800048828125,549749
2025-10-09,AUROPHARMA,1097.0,1126.300048828125,1095.0,1119.9000244140625,4941010
2025-10-10,AUROPHARMA,1125.4000244140625,1143.800048828125,1116.4000244140625,1130.300048828125,1455177
2025-10-13,AUROPHARMA,1127.699951171875,1139.9000244140625,1121.0,1136.800048828125,1453641
2025-10-14,AUROPHARMA,1136.0999755859375,1137.699951171875,1110.199951171875,1124.800048828125,1005434
2025-10-15,AUROPHARMA,1126.0,1129.4000244140625,1106.300048828125,1109.0,543500
2025-10-16,AUROPHARMA,1113.0999755859375,1116.699951171875,1098.199951171875,1106.300048828125,1710790
2025-10-17,AUROPHARMA,1106.0,1113.5,1092.800048828125,1101.0,938051
2025-10-20,AUROPHARMA,1106.0,1114.699951171875,1098.0,1099.4000244140625,967532
2025-10-21,AUROPHARMA,1101.0999755859375,1106.699951171875,1098.0,1100.5,64349
2025-10-23,AUROPHARMA,1120.0,1120.5,1096.199951171875,1099.0999755859375,885643
2025-10-24,AUROPHARMA,1100.0,1108.0,1080.0999755859375,1085.0,761529
2025-10-27,AUROPHARMA,1094.4000244140625,1102.0,1085.0999755859375,1094.699951171875,1423033
2025-10-28,AUROPHARMA,1094.0,1103.5,1081.4000244140625,1099.4000244140625,1130747
2025-10-29,AUROPHARMA,1104.0,1122.5999755859375,1098.699951171875,1111.699951171875,1369659
2025-10-30,AUROPHARMA,1113.0999755859375,1114.0,1091.199951171875,1102.5,890530
2025-10-31,AUROPHARMA,1105.0,1155.800048828125,1100.0,1138.9000244140625,3557298
2025-11-03,AUROPHARMA,1142.9000244140625,1163.800048828125,1135.199951171875,1158.5999755859375,2985845
2025-11-04,AUROPHARMA,1158.5999755859375,1162.9000244140625,1138.0,1149.0999755859375,1054886
2025-11-06,AUROPHARMA,1156.0,1157.800048828125,1121.300048828125,1140.5999755859375,1443663
2025-11-07,AUROPHARMA,1141.5,1143.800048828125,1120.0,1123.800048828125,363582
2025-11-10,AUROPHARMA,1126.0999755859375,1160.800048828125,1123.800048828125,1154.800048828125,1384229
2025-11-11,AUROPHARMA,1158.0,1173.699951171875,1153.5,1168.199951171875,1481205
2025-11-12,AUROPHARMA,1170.0,1195.5,1160.9000244140625,1183.5999755859375,2367201
2025-11-13,AUROPHARMA,1191.0,1222.9000244140625,1185.5999755859375,1210.199951171875,2637535
2025-11-14,AUROPHARMA,1210.199951171875,1231.9000244140625,1202.9000244140625,1222.5,2055973
2025-11-17,AUROPHARMA,1222.5,1241.0999755859375,1218.300048828125,1236.9000244140625,988088
2025-11-18,AUROPHARMA,1236.9000244140625,1249.9000244140625,1234.0999755859375,1239.300048828125,1827771
2025-11-19,AUROPHARMA,1233.9000244140625,1244.300048828125,1228.699951171875,1235.800048828125,744634
2025-11-20,AUROPHARMA,1236.0999755859375,1239.699951171875,1203.800048828125,1207.699951171875,768820
2025-11-21,AUROPHARMA,1207.5999755859375,1218.800048828125,1198.0,1205.9000244140625,497336
2025-11-24,AUROPHARMA,1205.9000244140625,1212.0,1189.5999755859375,1194.0,1266777
2025-11-25,AUROPHARMA,1192.0,1216.0,1190.5999755859375,1208.0,792811
2025-11-26,AUROPHARMA,1210.0,1237.300048828125,1195.699951171875,1227.4000244140625,1126656
2025-11-27,AUROPHARMA,1227.4000244140625,1239.0,1222.5999755859375,1235.800048828125,667410
2025-11-28,AUROPHARMA,1238.0,1242.300048828125,1216.0,1226.699951171875,556120
2025-12-01,AUROPHARMA,1229.0,1229.0,1204.0,1216.199951171875,692441
2025-12-02,AUROPHARMA,1216.0,1218.9000244140625,1207.4000244140625,1215.199951171875,507178
2025-12-03,AUROPHARMA,1208.5999755859375,1214.0,1196.4000244140625,1208.9000244140625,718893
2025-12-04,AUROPHARMA,1215.4000244140625,1226.800048828125,1209.0999755859375,1223.0999755859375,740597
2025-12-05,AUROPHARMA,1225.0,1226.4000244140625,1209.0,1217.5999755859375,394525
2025-12-08,AUROPHARMA,1217.5999755859375,1219.5,1173.300048828125,1177.4000244140625,950895
2025-12-09,AUROPHARMA,1175.0,1178.300048828125,1160.5,1163.5999755859375,585926
2025-12-10,AUROPHARMA,1161.0,1184.9000244140625,1161.0,1172.5999755859375,657177
2025-12-11,AUROPHARMA,1171.5999755859375,1185.699951171875,1163.4000244140625,1172.199951171875,704577
2025-12-12,AUROPHARMA,1175.0999755859375,1199.5,1170.4000244140625,1195.0999755859375,670100
2025-12-15,AUROPHARMA,1200.0,1200.199951171875,1182.0,1186.300048828125,458919
2025-12-16,AUROPHARMA,1182.199951171875,1185.9000244140625,1172.0999755859375,1178.0999755859375,263419
2025-12-17,AUROPHARMA,1172.5,1196.800048828125,1172.5,1193.0,736879
2025-12-18,AUROPHARMA,1190.0,1213.699951171875,1176.5999755859375,1209.300048828125,947784
2025-12-19,AUROPHARMA,1214.0,1240.699951171875,1211.0999755859375,1225.0999755859375,1396499
2025-12-22,AUROPHARMA,1225.0999755859375,1234.9000244140625,1222.0999755859375,1224.5,476205
2025-12-23,AUROPHARMA,1230.0,1236.0999755859375,1206.199951171875,1218.0,665122
2025-12-24,AUROPHARMA,1220.9000244140625,1226.699951171875,1208.699951171875,1211.4000244140625,253901
2025-12-26,AUROPHARMA,1213.699951171875,1220.9000244140625,1203.800048828125,1206.199951171875,310348
2025-12-29,AUROPHARMA,1206.199951171875,1214.0999755859375,1192.300048828125,1200.0999755859375,1340558
2025-12-30,AUROPHARMA,1202.0,1208.9000244140625,1179.0,1186.300048828125,1058434
2025-12-31,AUROPHARMA,1185.0,1193.800048828125,1178.0,1183.0,928856
2026-01-01,AUROPHARMA,1190.0,1197.0,1170.199951171875,1193.0,412064
2026-01-02,AUROPHARMA,1200.699951171875,1217.5,1192.0,1215.4000244140625,516055
2026-01-05,AUROPHARMA,1220.0,1222.0,1199.0,1207.4000244140625,644075
2026-01-06,AUROPHARMA,1210.0,1238.800048828125,1207.5999755859375,1231.300048828125,1845753
2026-01-07,AUROPHARMA,1236.4000244140625,1270.800048828125,1225.199951171875,1235.4000244140625,2361570
2026-01-08,AUROPHARMA,1236.0,1236.0,1203.0,1206.0999755859375,879596
2026-01-09,AUROPHARMA,1206.0,1211.4000244140625,1188.0,1198.699951171875,889120
2026-01-12,AUROPHARMA,1193.0999755859375,1197.800048828125,1166.5,1172.9000244140625,689082
2026-01-13,AUROPHARMA,1185.0,1185.0,1154.4000244140625,1167.699951171875,854954
2026-01-14,AUROPHARMA,1165.0,1189.0999755859375,1158.0,1180.0999755859375,726275
2026-01-16,AUROPHARMA,1174.199951171875,1195.5,1166.300048828125,1172.699951171875,909022
2026-01-19,AUROPHARMA,1167.0,1177.0,1160.0999755859375,1167.5999755859375,546679
2026-01-20,AUROPHARMA,1167.5999755859375,1167.699951171875,1137.0999755859375,1141.699951171875,567180
2026-01-21,AUROPHARMA,1133.9000244140625,1160.5999755859375,1116.5,1121.699951171875,810580
2026-01-22,AUROPHARMA,1130.0999755859375,1149.0,1130.0999755859375,1145.300048828125,622804
2026-01-23,AUROPHARMA,1145.300048828125,1150.5,1120.800048828125,1132.5,511867
2026-01-27,AUROPHARMA,1139.800048828125,1139.800048828125,1116.199951171875,1129.699951171875,656428
2026-01-28,AUROPHARMA,1133.0,1143.0,1122.199951171875,1139.9000244140625,614873
2026-01-29,AUROPHARMA,1140.4000244140625,1154.0999755859375,1127.199951171875,1150.5999755859375,576780
2026-01-30,AUROPHARMA,1190.0,1219.0,1174.0,1207.699951171875,8127226
2026-02-02,AUROPHARMA,1172.0999755859375,1185.0,1152.300048828125,1171.0,768352
2026-02-03,AUROPHARMA,1230.0,1247.300048828125,1211.199951171875,1226.0999755859375,2827489
2026-02-04,AUROPHARMA,1226.0999755859375,1237.4000244140625,1166.0,1212.699951171875,1360345
2026-02-05,AUROPHARMA,1212.699951171875,1212.699951171875,1176.9000244140625,1181.5999755859375,1216222
2026-02-06,AUROPHARMA,1181.0,1195.9000244140625,1166.0,1191.0,805359
2026-02-09,AUROPHARMA,1191.0,1210.0,1171.5,1203.699951171875,1101009
2026-02-10,AUROPHARMA,1208.0,1218.699951171875,1106.0,1124.0999755859375,8584671
2026-02-11,AUROPHARMA,1136.0,1161.0,1124.199951171875,1146.5999755859375,4070062
2026-02-12,AUROPHARMA,1146.5999755859375,1163.0,1132.0999755859375,1157.9000244140625,1090045
2026-02-13,AUROPHARMA,1149.0999755859375,1157.4000244140625,1126.800048828125,1145.5999755859375,1682470
2026-02-16,AUROPHARMA,1142.0,1187.199951171875,1141.9000244140625,1184.5999755859375,1559869
2026-02-17,AUROPHARMA,1184.5999755859375,1212.800048828125,1167.699951171875,1186.699951171875,3068092
2026-02-18,AUROPHARMA,1188.5999755859375,1193.5,1129.199951171875,1159.5999755859375,3294006
2026-02-19,AUROPHARMA,1156.4000244140625,1200.9000244140625,1156.4000244140625,1171.4000244140625,3474036
2026-02-20,AUROPHARMA,1173.800048828125,1178.199951171875,1149.0999755859375,1158.800048828125,1071813
2026-02-23,AUROPHARMA,1166.0999755859375,1174.199951171875,1143.300048828125,1150.5999755859375,989992
2026-02-24,AUROPHARMA,1156.300048828125,1167.199951171875,1144.0,1164.4000244140625,988014
2026-02-25,AUROPHARMA,1166.0,1217.0,1162.4000244140625,1211.5,3039244
2026-02-26,AUROPHARMA,1217.0999755859375,1250.9000244140625,1213.5,1220.699951171875,2372711
2026-02-27,AUROPHARMA,1225.300048828125,1240.0,1214.300048828125,1220.4000244140625,1781292
2026-03-02,AUROPHARMA,1186.199951171875,1223.9000244140625,1186.199951171875,1210.4000244140625,888443
2026-03-04,AUROPHARMA,1201.0,1202.9000244140625,1179.800048828125,1195.4000244140625,909693
2026-03-05,AUROPHARMA,1198.0,1230.699951171875,1198.0,1225.5,900601
2026-03-06,AUROPHARMA,1224.9000244140625,1244.699951171875,1215.0999755859375,1231.9000244140625,804367
2026-03-09,AUROPHARMA,1202.300048828125,1251.800048828125,1182.0999755859375,1247.300048828125,2180013
2026-03-10,AUROPHARMA,1260.0,1291.800048828125,1249.0,1285.9000244140625,2197827
2026-03-11,AUROPHARMA,1291.0,1318.5,1290.0,1304.800048828125,2541782
2026-03-12,AUROPHARMA,1308.0,1319.800048828125,1289.4000244140625,1311.9000244140625,2110239
2026-03-13,AUROPHARMA,1304.300048828125,1317.800048828125,1288.0999755859375,1296.5,1634716
2026-03-16,AUROPHARMA,1302.0,1314.0,1265.800048828125,1279.5999755859375,1436685
2026-03-17,AUROPHARMA,1284.9000244140625,1295.0,1275.0999755859375,1286.0,635152
2026-03-18,AUROPHARMA,1278.0,1290.5,1265.300048828125,1269.0,1700454
2026-03-19,AUROPHARMA,1255.0,1269.0,1240.0,1247.5,816613
2026-03-20,AUROPHARMA,1262.0,1297.800048828125,1258.300048828125,1291.4000244140625,1395687
2026-03-23,AUROPHARMA,1291.5999755859375,1299.0,1268.300048828125,1278.699951171875,1758274
2026-03-24,AUROPHARMA,1303.0,1310.0,1255.4000244140625,1281.5999755859375,1769183
2026-03-25,AUROPHARMA,1290.4000244140625,1330.0,1282.0999755859375,1307.800048828125,1891714
2026-03-27,AUROPHARMA,1307.800048828125,1327.0,1296.0,1314.199951171875,1923752
2026-03-30,AUROPHARMA,1300.0,1320.0,1298.0999755859375,1304.4000244140625,2474751
2026-04-01,AUROPHARMA,1332.199951171875,1359.9000244140625,1325.9000244140625,1342.0999755859375,2595497
2026-04-02,AUROPHARMA,1335.5,1338.9000244140625,1266.0999755859375,1333.699951171875,1870240
2026-04-06,AUROPHARMA,1344.0,1357.9000244140625,1318.5,1340.4000244140625,1519668
2026-04-07,AUROPHARMA,1345.0,1357.5,1316.0,1330.0,1557945
2026-04-08,AUROPHARMA,1362.699951171875,1363.0,1316.800048828125,1335.699951171875,3256118
2026-04-09,AUROPHARMA,1335.0,1346.699951171875,1321.5999755859375,1340.4000244140625,938616
2026-04-10,AUROPHARMA,1345.0,1355.0,1336.800048828125,1349.4000244140625,907020
2026-04-13,AUROPHARMA,1340.0,1353.0,1333.0,1339.800048828125,1378435
2026-04-15,AUROPHARMA,1350.0,1379.199951171875,1345.800048828125,1373.9000244140625,1829958
2026-04-16,AUROPHARMA,1389.9000244140625,1389.9000244140625,1368.0,1386.5,2253671
2026-04-17,AUROPHARMA,1388.9000244140625,1394.9000244140625,1375.300048828125,1386.0,1612415
2026-04-20,AUROPHARMA,1392.0,1392.0,1363.5,1367.800048828125,707108
2026-04-21,AUROPHARMA,1368.9000244140625,1401.0999755859375,1367.0999755859375,1391.699951171875,1362848
2026-04-22,AUROPHARMA,1389.5,1425.0999755859375,1382.4000244140625,1421.199951171875,1703571
2026-04-23,AUROPHARMA,1420.0,1459.5,1409.0999755859375,1435.4000244140625,2238307
2026-04-24,AUROPHARMA,1436.9000244140625,1446.0,1411.699951171875,1413.800048828125,967660
2026-04-27,AUROPHARMA,1414.9000244140625,1433.4000244140625,1386.5999755859375,1416.699951171875,998030
2026-04-28,AUROPHARMA,1415.0,1430.0,1410.300048828125,1422.5999755859375,847634
2026-04-29,AUROPHARMA,1425.9000244140625,1433.0,1389.300048828125,1396.800048828125,1738923
2026-04-30,AUROPHARMA,1392.0,1404.0,1378.5999755859375,1389.5,606347
2026-05-01,AUROPHARMA,1389.5,1389.5,1389.5,1389.5,0
2026-05-04,AUROPHARMA,1398.0,1398.0,1367.0999755859375,1376.0,777740
2026-05-05,AUROPHARMA,1373.9000244140625,1431.0,1367.0,1428.0999755859375,1811658
2026-05-06,AUROPHARMA,1431.0,1489.699951171875,1426.0999755859375,1484.0,2420846
2026-05-07,AUROPHARMA,1475.0999755859375,1498.5,1469.300048828125,1478.699951171875,1228324
2026-05-08,AUROPHARMA,1485.0,1513.4000244140625,1480.0999755859375,1487.300048828125,1018078
2026-05-11,AUROPHARMA,1487.300048828125,1505.5,1477.4000244140625,1486.5999755859375,925400
2026-05-12,AUROPHARMA,1486.5999755859375,1504.0,1478.5999755859375,1488.199951171875,1343339
2026-05-13,AUROPHARMA,1490.0,1509.800048828125,1483.5999755859375,1497.5,1821805
2026-05-14,AUROPHARMA,1504.4000244140625,1525.9000244140625,1497.0,1510.9000244140625,1206993
2026-05-15,AUROPHARMA,1519.0,1528.0,1503.300048828125,1511.800048828125,707047
2026-05-18,AUROPHARMA,1514.300048828125,1525.0,1491.5999755859375,1500.5,939496
2026-05-19,AUROPHARMA,1500.5,1530.0,1500.5,1521.0999755859375,704574
