Date,Adj Close,Close,High,Low,Open,Volume,SMA50,SMA150,SMA200,VolumeSMA50
2004-08-19,2.4787826538085938,2.4991331100463867,2.591784954071045,2.3900420665740967,2.490664005279541,897427216,,,,
2004-08-20,2.6756718158721924,2.697638988494873,2.7168169021606445,2.5031180381774902,2.515820026397705,458857488,,,,
2004-08-23,2.702599048614502,2.7247869968414307,2.8264060020446777,2.7160699367523193,2.758410930633545,366857939,,,,
2004-08-24,2.5906906127929688,2.611959934234619,2.779581069946289,2.5795810222625732,2.7706151008605957,306396159,,,,
2004-08-25,2.618605613708496,2.640104055404663,2.689918041229248,2.5873019695281982,2.614201068878174,184645512,,,,
2004-08-26,2.665789842605591,2.687675952911377,2.6886720657348633,2.606729030609131,2.6139519214630127,142572401,,,,
2004-08-27,2.6223108768463135,2.6438400745391846,2.705359935760498,2.632383108139038,2.6924080848693848,124826132,,,,
2004-08-30,2.5200376510620117,2.540726900100708,2.6274020671844482,2.540726900100708,2.622170925140381,104429967,,,,
2004-08-31,2.528930425643921,2.5496931076049805,2.5830678939819336,2.5444629192352295,2.547950029373169,98825037,,,,
2004-09-01,2.4765584468841553,2.4968910217285156,2.5646369457244873,2.482445001602173,2.5579121112823486,183633734,,,,
2004-09-02,2.5076851844787598,2.528273105621338,2.5496931076049805,2.4642629623413086,2.470489978790283,303810504,,,,
2004-09-03,2.4706294536590576,2.490912914276123,2.5340020656585693,2.4737279415130615,2.5143260955810547,103538639,,,,
2004-09-07,2.5094146728515625,2.5300168991088867,2.540477991104126,2.4809510707855225,2.515820026397705,117506800,,,,
2004-09-08,2.5272021293640137,2.547950029373169,2.566132068634033,2.5031180381774902,2.5090949535369873,100186120,,,,
2004-09-09,2.5274486541748047,2.548198938369751,2.5581610202789307,2.515571117401123,2.553678035736084,81620792,,,,
2004-09-10,2.6020541191101074,2.6234169006347656,2.6540520191192627,2.523042917251587,2.53051495552063,174804764,,,,
2004-09-13,2.65566086769104,2.677464008331299,2.7001290321350098,2.6515610218048096,2.655795097351074,157628624,,,,
2004-09-14,2.75423002243042,2.7768421173095703,2.789544105529785,2.6597800254821777,2.6762189865112305,217608605,,,,
2004-09-15,2.7668285369873047,2.789544105529785,2.845086097717285,2.7447121143341064,2.753679037094116,215279909,,,,
2004-09-16,2.815495014190674,2.8386099338531494,2.8841888904571533,2.780827045440674,2.7980120182037354,186207345,,,,
2004-09-17,2.9024529457092285,2.9262819290161133,2.9262819290161133,2.8281490802764893,2.849817991256714,190350817,,,,
2004-09-20,2.948648691177368,2.9728569984436035,3.0286478996276855,2.90834903717041,2.912832021713257,213585582,,,,
2004-09-21,2.9110991954803467,2.9349989891052246,2.999258041381836,2.9267799854278564,2.984065055847168,145262446,,,,
2004-09-22,2.924438238143921,2.9484479427337646,2.9805779457092285,2.9093449115753174,2.9240400791168213,152344894,,,,
2004-09-23,2.9847168922424316,3.009221076965332,3.0543019771575928,2.9145750999450684,2.9599061012268066,171524515,,,,
2004-09-24,2.9602596759796143,2.984563112258911,3.090914011001587,2.9828200340270996,3.012208938598633,183336625,,,,
2004-09-27,2.9214744567871094,2.945460081100464,3.0107150077819824,2.9340031147003174,2.9778380393981934,141994242,,,,
2004-09-28,3.133927822113037,3.1596570014953613,3.1731059551239014,2.994028091430664,3.0211760997772217,340190355,,,,
2004-09-29,3.238178014755249,3.264763116836548,3.3628950119018555,3.14396595954895,3.155672073364258,613229953,,,,
2004-09-30,3.201616048812866,3.227900981903076,3.295149087905884,3.2129569053649902,3.235373020172119,276468402,,,,
2004-10-01,3.275233745574951,3.3021230697631836,3.343467950820923,3.210465908050537,3.257788896560669,303934969,,,,
2004-10-04,3.336498260498047,3.3638908863067627,3.4089720249176025,3.3382370471954346,3.368623971939087,261693228,,,,
2004-10-05,3.4182684421539307,3.4463319778442383,3.450316905975342,3.2936549186706543,3.353929042816162,300887589,,,,
2004-10-06,3.3864006996154785,3.414202928543091,3.4483249187469482,3.3873040676116943,3.4259090423583984,268900140,,,,
2004-10-07,3.4301259517669678,3.458287000656128,3.483941078186035,3.4010019302368164,3.4102180004119873,283643194,,,,
2004-10-08,3.4024581909179688,3.430392026901245,3.4789600372314453,3.412708044052124,3.455049991607666,222442656,,,,
2004-10-11,3.341439723968506,3.368872880935669,3.4585371017456055,3.333754062652588,3.412209987640381,210437827,,,,
2004-10-12,3.394306182861328,3.422173023223877,3.427402973175049,3.3225460052490234,3.3484489917755127,234419380,,,,
2004-10-13,3.480769395828247,3.5093460083007812,3.5753490924835205,3.4889230728149414,3.56961989402771,397203256,,,,
2004-10-14,3.5079429149627686,3.536742925643921,3.546207904815674,3.4510650634765625,3.5120859146118164,209835578,,,,
2004-10-15,3.560068130493164,3.5892961025238037,3.6239171028137207,3.5354979038238525,3.60971999168396,265150137,,,,
2004-10-18,3.6848230361938477,3.7150750160217285,3.7160708904266357,3.5170669555664062,3.5666310787200928,282061287,,,,
2004-10-19,3.654684543609619,3.6846890449523926,3.7957730293273926,3.6699941158294678,3.7484500408172607,363918964,,,,
2004-10-20,3.4706404209136963,3.499134063720703,3.710840940475464,3.4769670963287354,3.686929941177368,456613107,,,,
2004-10-21,3.6902575492858887,3.7205541133880615,3.73923397064209,3.5272789001464844,3.5965189933776855,585767401,,,,
2004-10-22,4.25968074798584,4.294652938842773,4.487430095672607,4.086681842803955,4.247579097747803,1481207196,,,,
2004-10-25,4.6294965744018555,4.667504787445068,4.842598915100098,4.297640800476074,4.393531799316406,1315480331,,,,
2004-10-26,4.491155624389648,4.5280280113220215,4.79801607131958,4.483195781707764,4.641104221343994,895628499,,,,
2004-10-27,4.594171524047852,4.6318888664245605,4.720306873321533,4.527280807495117,4.5509419441223145,536262538,,,,
2004-10-28,4.775249481201172,4.814454078674316,4.841601848602295,4.622673034667969,4.649571895599365,596097978,3.164309401512146,,,328530735.46
2004-10-29,4.709537029266357,4.748202800750732,4.980082988739014,4.747206211090088,4.953681945800781,849672890,3.209290795326233,,,327575648.94
2004-11-01,4.842691421508789,4.882449150085449,4.923295974731445,4.763894081115723,4.820681095123291,490828877,3.2529869985580446,,,328215076.72
2004-11-02,4.814034938812256,4.85355806350708,4.962648868560791,4.815451145172119,4.9509429931640625,455553149,3.2955624198913576,,,329988980.92
2004-11-03,4.734982490539551,4.773856163024902,5.02117919921875,4.750942230224609,4.935998916625977,557630330,3.3388003444671632,,,335013664.34
2004-11-04,4.562796592712402,4.60025691986084,4.742225170135498,4.566633224487305,4.693408012390137,578544429,3.3780034017562866,,,342891642.68
2004-11-05,4.183592796325684,4.217939853668213,4.540481090545654,4.198015213012695,4.532511234283447,796297573,3.4086086797714232,,,355966146.12
2004-11-08,4.262645244598389,4.297640800476074,4.369622230529785,4.219184875488281,4.257293224334717,449349985,3.4416846942901613,,,362456623.18
2004-11-09,4.16753625869751,4.201751232147217,4.363644123077393,4.116321086883545,4.336246967315674,444226854,3.474905180931091,,,369252560.92
2004-11-10,4.146784782409668,4.180829048156738,4.296894073486328,4.142722129821777,4.250816822052002,427355853,3.5075278997421266,,,375823177.24
2004-11-11,4.521294116973877,4.558413982391357,4.576595783233643,4.173605918884277,4.212460994720459,601666773,3.5487583589553835,,,384183838.02
2004-11-12,4.496096611022949,4.533009052276611,4.727281093597412,4.418438911437988,4.613458156585693,672354740,3.588853077888489,,,391554722.74
2004-11-15,4.5669965744018555,4.604491233825684,4.6904191970825195,4.452063083648682,4.494403839111328,477844390,3.63112464427948,,,399040837.76
2004-11-16,4.262397766113281,4.297391891479492,4.469995021820068,4.254802227020264,4.420928955078125,839832142,3.666472144126892,,,413487344.6
2004-11-17,4.261410236358643,4.296395778656006,4.420928955078125,4.209222793579102,4.209721088409424,728034662,3.7014410591125486,,,426044315.44
2004-11-18,4.13887882232666,4.172859191894531,4.344216823577881,4.127778053283691,4.241352081298828,667677273,3.7339342641830444,,,437765445.06
2004-11-19,4.1848273277282715,4.219184875488281,4.233631134033203,4.147453784942627,4.211712837219238,352086780,3.765849623680115,,,441311085.38
2004-11-22,4.078602313995361,4.112086772918701,4.221675872802734,4.017691135406494,4.096395969390869,496582362,3.7945420789718627,,,448090160.14
2004-11-23,4.138384819030762,4.172360897064209,4.254802227020264,4.146955966949463,4.183568954467773,498393124,3.8224524545669554,,,453705850.52
2004-11-24,4.317240238189697,4.35268497467041,4.413705825805664,4.296645164489746,4.3541789054870605,613531078,3.8537152719497683,,,461670873.9
2004-11-26,4.431619644165039,4.468002796173096,4.483942985534668,4.36663293838501,4.3785881996154785,260175560,3.886303129196167,,,463150238.2
2004-11-29,4.472628116607666,4.509347915649414,4.556670188903809,4.421177864074707,4.492162227630615,428263241,3.917964448928833,,,467908486.68
2004-11-30,4.495602607727051,4.532511234283447,4.557916164398193,4.489422798156738,4.500879764556885,309154460,3.94915753364563,,,469819864.24
2004-12-01,4.445700645446777,4.4822001457214355,4.545462131500244,4.471988201141357,4.531764030456543,315743063,3.9801015567779543,,,473229476.58
2004-12-02,4.431866645812988,4.468252182006836,4.5208048820495605,4.447081089019775,4.4807047843933105,251374696,4.010497641563416,,,475210072.62
2004-12-03,4.456570148468018,4.49315881729126,4.509596824645996,4.423419952392578,4.4819512367248535,235647968,4.040176396369934,,,476492541.68
2004-12-06,4.355036735534668,4.390791893005371,4.500630855560303,4.384067058563232,4.461526870727539,251097661,4.068300971984863,,,477847762.4
2004-12-07,4.2349772453308105,4.269745826721191,4.388551235198975,4.247828006744385,4.38356876373291,275866153,4.094786686897278,,,480525200.62
2004-12-08,4.199156761169434,4.233631134033203,4.325786113739014,4.202497959136963,4.242846965789795,302802741,4.116266169548035,,,479777448.34
2004-12-09,4.284384250640869,4.319559097290039,4.321302890777588,4.196022033691406,4.240355968475342,307307563,4.137362089157104,,,473659000.54
2004-12-10,4.24041223526001,4.2752251625061035,4.355673789978027,4.26625919342041,4.319559097290039,173335277,4.158308572769165,,,471596338.04
2004-12-13,4.21076774597168,4.245337009429932,4.313333034515381,4.220430850982666,4.288177013397217,193466452,4.1771728515625,,,469386967.7
2004-12-14,4.414326190948486,4.450568199157715,4.453805923461914,4.2241668701171875,4.259036064147949,445198482,4.198906397819519,,,473057072.78
2004-12-15,4.441254138946533,4.477715969085693,4.500380992889404,4.400008201599121,4.433134078979492,460559845,4.219534077644348,,,476250517.9
2004-12-16,4.359484672546387,4.395275115966797,4.4953999519348145,4.38232421875,4.407230854034424,344197318,4.2391555213928225,,,477756461.46
2004-12-17,4.448664665222168,4.485188007354736,4.4956488609313965,4.397267818450928,4.4024977684021,296555412,4.2596935415267945,,,478014705.82
2004-12-20,4.5707011222839355,4.608226776123047,4.693905830383301,4.529770851135254,4.533009052276611,394854485,4.283250236511231,,,481462942.4
2004-12-21,4.539328098297119,4.576595783233643,4.679460048675537,4.567877769470215,4.64035701751709,221479058,4.3074046945571896,,,481683767.02
2004-12-22,4.602323055267334,4.640108108520508,4.653806209564209,4.558165073394775,4.580331802368164,156865776,4.331763396263122,,,480132694.94
2004-12-23,4.641848564147949,4.679957866668701,4.69739294052124,4.632636070251465,4.668749809265137,145125936,4.3551756334304805,,,475091148.54
2004-12-27,4.74091100692749,4.779833793640137,4.814454078674316,4.709846019744873,4.711091995239258,245079187,4.380037450790406,,,475796020.72
2004-12-28,4.7619099617004395,4.801004886627197,4.820681095123291,4.757418155670166,4.784814834594727,166453579,4.4042716264724735,,,473822089.56
2004-12-29,4.765368938446045,4.804491996765137,4.819933891296387,4.7765960693359375,4.7765960693359375,107525527,4.426059966087341,,,470331374.36
2004-12-30,4.881476879119873,4.921553134918213,4.937243938446045,4.778339862823486,4.806234836578369,237057231,4.4507972478866575,,,467794139.7
2004-12-31,4.762650966644287,4.801752090454102,4.978340148925781,4.796022891998291,4.962151050567627,307889737,4.476849608421325,,,464819672.3
2005-01-03,5.007713317871094,5.048826217651367,5.071989059448242,4.868253231048584,4.916571140289307,636143518,4.503415050506592,,,465827194.64
2005-01-04,4.804894924163818,4.844342231750488,5.054305076599121,4.818936824798584,5.01619815826416,552298420,4.514408836364746,,,447249019.12
2005-01-05,4.780438423156738,4.819684982299805,4.904118061065674,4.787804126739502,4.818190097808838,330698912,4.517452440261841,,,427553390.74
2005-01-06,4.657907009124756,4.696147918701172,4.879211902618408,4.675475120544434,4.858788013458252,417041336,4.520814838409424,,,417981647.48
2005-01-07,4.788837432861328,4.828153133392334,4.83811616897583,4.701876163482666,4.748202800750732,387964757,4.52474012374878,,,415015691.86
2005-01-10,4.818728446960449,4.858290195465088,4.934006214141846,4.777841091156006,4.844342231750488,302714411,4.525616846084595,,,409148020.52
2005-01-11,4.781178951263428,4.820432186126709,4.924293041229248,4.811464786529541,4.8722381591796875,279391317,4.527061433792114,,,397742389.06
2005-01-12,4.826633930206299,4.866260051727295,4.8799591064453125,4.744716167449951,4.8401079177856445,328338096,4.526737651824951,,,394492573.44
2005-01-13,4.8253984451293945,4.865015029907227,4.916322231292725,4.833134174346924,4.866260051727295,275002929,4.5269667911529545,,,390881569.04
2005-01-14,4.9400248527526855,4.980582237243652,4.9815778732299805,4.835126876831055,4.881701946258545,387057368,4.531101312637329,,,387470109.8
2005-01-18,5.037111282348633,5.078464984893799,5.106359958648682,4.947954177856445,5.00548791885376,528878966,4.540665473937988,,,386476800.54
2005-01-19,4.874065399169922,4.91408109664917,5.1133341789245605,4.899385929107666,5.097145080566406,451995865,4.554588298797608,,,379590766.38
2005-01-20,4.790565013885498,4.829895973205566,4.8879289627075195,4.782075881958008,4.794528961181641,361413608,4.565233402252197,,,377832038.84
2005-01-21,4.6512370109558105,4.689423084259033,4.865762233734131,4.68543815612793,4.845337867736816,371724110,4.574986839294434,,,376381983.96
2005-01-24,4.464475631713867,4.501129150390625,4.715575218200684,4.491166114807129,4.699635028839111,563010421,4.581392841339111,,,379095075.32
2005-01-25,4.375542163848877,4.411465167999268,4.538987159729004,4.390791893005371,4.531515121459961,427966132,4.578453865051269,,,375621062.5
2005-01-26,4.674952030181885,4.7133331298828125,4.717566967010498,4.462025165557861,4.4650139808654785,494161321,4.582060346603393,,,372057194.12
2005-01-27,4.646296501159668,4.684442043304443,4.703868865966797,4.612709999084473,4.701377868652344,266089645,4.583659362792969,,,367822099.22
2005-01-28,4.702126502990723,4.7407307624816895,4.8493242263793945,4.641104221343994,4.732759952545166,490158373,4.592526140213013,,,360828623.84
2005-01-31,4.8325629234313965,4.8722381591796875,4.890668869018555,4.775102138519287,4.8241682052612305,385306832,4.604042987823487,,,353974067.24
2005-02-01,4.740664958953857,4.779584884643555,4.898140907287598,4.74795389175415,4.841352939605713,756384528,4.616177501678467,,,355748212.34
2005-02-02,5.088000297546387,5.129772186279297,5.399759769439697,5.072486877441406,5.368627071380615,1316889593,4.634389247894287,,,375044268.6
2005-02-03,5.209048271179199,5.251814842224121,5.3143310546875,5.126036167144775,5.130519866943359,521471303,4.657183809280395,,,375542047.42
2005-02-04,5.048473834991455,5.089921951293945,5.1743550300598145,5.046085834503174,5.142475128173828,594993855,4.6755350303649905,,,377474062.04
2005-02-07,4.842691421508789,4.882449150085449,5.140730857849121,4.869497776031494,5.112338066101074,520359150,4.686130313873291,,,375610623.48
2005-02-08,4.907168388366699,4.947455883026123,4.9818267822265625,4.845088958740234,4.905612945556641,460921194,4.695719375610351,,,379625536.16
2005-02-09,4.732759952545166,4.771615028381348,5.02117919921875,4.718812942504883,5.000257968902588,689434520,4.7009647178649905,,,384848961.74
2005-02-10,4.643826007843018,4.68195104598999,4.78730583190918,4.613955974578857,4.781328201293945,762154073,4.703953514099121,,,393908954.0
2005-02-11,4.6294965744018555,4.667504787445068,4.790046215057373,4.634378910064697,4.649074077606201,526606480,4.707659606933594,,,398126222.34
2005-02-14,4.76759147644043,4.806733131408691,4.8089752197265625,4.508102893829346,4.554180145263672,1548269624,4.714429225921631,,,424064120.9
2005-02-15,4.822928428649902,4.862524032592773,4.977344036102295,4.8089752197265625,4.821926116943359,1035177611,4.721816530227661,,,440054713.76
2005-02-16,4.901485919952393,4.941727161407471,4.964641094207764,4.839361190795898,4.8493242263793945,663770685,4.7328352355957035,,,448308174.24
2005-02-17,4.888887405395508,4.929025173187256,4.975101947784424,4.901876926422119,4.927280902862549,418137429,4.746020822525025,,,451153599.76
2005-02-18,4.890122413635254,4.930270195007324,4.952436923980713,4.898140907287598,4.944218158721924,340708289,4.759953603744507,,,451911710.72
2005-02-22,4.7275710105896,4.766384124755859,4.953930854797363,4.741975784301758,4.894155979156494,541369609,4.768890104293823,,,456592951.64
2005-02-23,4.7913079261779785,4.830644130706787,4.843843936920166,4.698886871337891,4.814454078674316,625776806,4.779998483657837,,,465641782.22
2005-02-24,4.6663055419921875,4.704616069793701,4.7285261154174805,4.538737773895264,4.567131042480469,1036442333,4.789184064865112,,,482501299.84
2005-02-25,4.591700553894043,4.629397869110107,4.730269908905029,4.620430946350098,4.711091995239258,400435325,4.79276065826416,,,481606036.7
2005-02-28,4.644072532653809,4.682199954986572,4.7290239334106445,4.628900051116943,4.632636070251465,313908211,4.796850337982177,,,478673004.02
2005-03-01,4.5963945388793945,4.634130001068115,4.726036071777344,4.533009052276611,4.714579105377197,373844027,4.801627435684204,,,479265938.2
2005-03-02,4.574655055999756,4.612212181091309,4.674230098724365,4.5917887687683105,4.63139009475708,292512314,4.804167919158935,,,479185076.24
2005-03-03,4.619862079620361,4.6577911376953125,4.67622184753418,4.5905442237854,4.635873794555664,305484756,4.805159206390381,,,477397681.66
2005-03-04,4.592441082000732,4.630145072937012,4.663768768310547,4.60947322845459,4.6500701904296875,271979640,4.806230192184448,,,478407693.3
2005-03-07,4.664328575134277,4.702622890472412,4.722300052642822,4.658289909362793,4.6769700050354,347995502,4.8074804878234865,,,482230287.82
2005-03-08,4.575149059295654,4.612709999084473,4.7285261154174805,4.606982231140137,4.709846019744873,323050350,4.806135530471802,,,485788776.1
2005-03-09,4.480039119720459,4.516819953918457,4.5990118980407715,4.487181186676025,4.588053226470947,456119263,4.8008752536773684,,,490009577.62
2005-03-10,4.446194648742676,4.4826979637146,4.5130839347839355,4.418438911437988,4.508351802825928,440063306,4.794509115219117,,,495481772.16
2005-03-11,4.392340660095215,4.428400993347168,4.506856918334961,4.412211894989014,4.494154930114746,322335682,4.786987295150757,,,499777975.26
2005-03-14,4.32292366027832,4.358414173126221,4.443345069885254,4.298140048980713,4.4416022300720215,447535208,4.775724515914917,,,503987534.8
2005-03-15,4.412350177764893,4.448575973510742,4.483195781707764,4.338985919952393,4.366135120391846,418446584,4.76866099357605,,,506198671.74
2005-03-16,4.337992191314697,4.373607158660889,4.448575973510742,4.358911991119385,4.401003837585449,285317446,4.75515661239624,,,499182150.3
2005-03-17,4.4291486740112305,4.465511798858643,4.474228858947754,4.3785881996154785,4.41171407699585,331662510,4.7475800037384035,,,494769432.1
2005-03-18,4.447676181793213,4.48419189453125,4.49315881729126,4.441103935241699,4.453557014465332,284663002,4.740870141983033,,,493848713.9
2005-03-21,4.468428611755371,4.5051140785217285,4.537242889404297,4.414702892303467,4.4650139808654785,300470030,4.737049465179443,,,491517287.78
2005-03-22,4.412103652954102,4.44832706451416,4.531515121459961,4.429646968841553,4.5125861167907715,226112360,4.7294529438018795,,,488280239.84
2005-03-23,4.421489715576172,4.457790851593018,4.48917293548584,4.4326348304748535,4.4326348304748535,194526410,4.721442956924438,4.137123068173726,,486116479.82
2005-03-24,4.428161144256592,4.4645161628723145,4.504615783691406,4.463271141052246,4.500630855560303,148763520,4.7143246364593505,4.150225621859232,,483503923.88
2005-03-28,4.481767177581787,4.5185627937316895,4.602747917175293,4.506856918334961,4.525039196014404,350830087,4.707370691299438,4.162365113894145,,483953763.7
2005-03-29,4.436065673828125,4.4724860191345215,4.564889907836914,4.435125827789307,4.509347915649414,259890496,4.699520111083984,4.174016440709432,,483651515.04
2005-03-30,4.457805156707764,4.494403839111328,4.51931095123291,4.473233222961426,4.499135971069336,250378977,4.6897965431213375,4.1865660667419435,,480917947.22
2005-03-31,4.459287643432617,4.4958977699279785,4.517816066741943,4.4244160652160645,4.4321370124816895,271758815,4.678145198822022,4.198938024838766,,475775544.2
2005-04-01,4.447676181793213,4.48419189453125,4.556670188903809,4.482946872711182,4.527031898498535,248206866,4.669547414779663,4.210914797782898,,471699764.22
2005-04-04,4.577371120452881,4.614952087402344,4.61569881439209,4.47921085357666,4.4819512367248535,324266893,4.665248537063599,4.224055544535319,,470956829.92
2005-04-05,4.658400058746338,4.696646213531494,4.738738059997559,4.671739101409912,4.675724029541016,350777892,4.665392999649048,4.238428339958191,,470537905.56
2005-04-06,4.674457550048828,4.71283483505249,4.723545074462891,4.671988010406494,4.7133331298828125,210891521,4.669627113342285,4.252849284807841,,463495527.56
2005-04-07,4.786613464355469,4.825911045074463,4.8473310470581055,4.698389053344727,4.701876163482666,389141150,4.6779160308837895,4.268376084963481,,462719027.92
2005-04-08,4.744370937347412,4.783320903778076,4.859285831451416,4.76837682723999,4.8241682052612305,205431131,4.679315786361695,4.283409736951192,,456944424.12
2005-04-11,4.773519992828369,4.812710762023926,4.851813793182373,4.790046215057373,4.8092241287231445,217231195,4.681881160736084,4.298888389269511,,455967255.12
2005-04-12,4.791554927825928,4.830893039703369,4.842350006103516,4.717566967010498,4.806982040405273,293881426,4.683684406280517,4.314227563540141,,452041716.18
2005-04-13,4.766109943389893,4.805239200592041,4.8398590087890625,4.7255377769470215,4.818687915802002,263214910,4.682344427108765,4.329276158014934,,449599877.74
2005-04-14,4.729547500610352,4.76837682723999,4.840855121612549,4.734753131866455,4.813706874847412,247030473,4.682120265960694,4.344077343940735,,439412796.64
2005-04-15,4.5702080726623535,4.607728958129883,4.7407307624816895,4.5992608070373535,4.734753131866455,464831797,4.671679401397705,4.357306090990702,,422371640.72
2005-04-18,4.618875026702881,4.656795024871826,4.679460048675537,4.570119857788086,4.597268104553223,262994085,4.659779005050659,4.370501631100972,,417202096.36
2005-04-19,4.7283124923706055,4.767131805419922,4.782075881958008,4.683196067810059,4.715575218200684,338463908,4.653323202133179,4.383770229021708,,412071497.42
2005-04-20,4.893828392028809,4.934006214141846,4.993782043457031,4.87946081161499,4.945960998535156,620376641,4.654354343414306,4.3980666430791215,,414071847.24
2005-04-21,5.045015811920166,5.086434841156006,5.105862140655518,4.964392185211182,4.991789817810059,712737539,4.657133922576905,4.413052142461141,,419108174.14
2005-04-22,5.331333637237549,5.375102996826172,5.57908821105957,5.336496829986572,5.551691055297852,1333182435,4.669203681945801,4.4293776162465415,,431983132.44
2005-04-25,5.522045612335205,5.567381858825684,5.5975189208984375,5.417693138122559,5.425165176391602,796574608,4.686912298202515,4.446674448649088,,432671543.14
2005-04-26,5.4039626121521,5.448328018188477,5.529274940490723,5.43687105178833,5.484941005706787,693469588,4.702528762817383,4.463429975509643,,436008805.3
2005-04-27,5.429406642913818,5.473981857299805,5.500631809234619,5.398265838623047,5.429399013519287,412131000,4.715873737335205,4.480266868273417,,413286032.82
2005-04-28,5.421255111694336,5.465763092041016,5.531267166137695,5.422424793243408,5.467008113861084,348613811,4.72793851852417,4.4966438150405885,,399554756.82
2005-04-29,5.434842109680176,5.479462146759033,5.535501956939697,5.425165176391602,5.527032852172852,368182886,4.738693218231202,4.513276475270589,,393643000.84
2005-05-02,5.491413593292236,5.536498069763184,5.571616172790527,5.484692096710205,5.530519962310791,392160425,4.75084267616272,4.530550061861674,,393123460.76
2005-05-03,5.587759017944336,5.633634090423584,5.682450771331787,5.512338161468506,5.525538921356201,713873782,4.764909954071045,4.547043242454529,,400586770.62
2005-05-04,5.644824504852295,5.691167831420898,5.725539207458496,5.653808116912842,5.659536838531494,485151677,4.783405628204346,4.563219273885091,,399462411.98
2005-05-05,5.607274532318115,5.6533098220825195,5.694157123565674,5.625913143157959,5.694157123565674,301509913,4.79985894203186,4.579388666152954,,392977074.12
2005-05-06,5.632966995239258,5.679213047027588,5.709847927093506,5.640607833862305,5.688676834106445,271570110,4.819350881576538,4.59523593266805,,377679629.66
2005-05-09,5.583559036254883,5.62939977645874,5.691167831420898,5.6147050857543945,5.678715229034424,222302131,4.839350919723511,4.610339325269063,,374116965.78
2005-05-10,5.6275315284729,5.673733234405518,5.673733234405518,5.597021102905273,5.615701198577881,254783425,4.85918158531189,4.625188666979472,,372934470.06
2005-05-11,5.713747978210449,5.760657787322998,5.777842998504639,5.676970958709717,5.702874183654785,460873014,4.881712141036988,4.640831699371338,,374675049.8
2005-05-12,5.650259494781494,5.696648120880127,5.784070014953613,5.6836957931518555,5.748702049255371,359269602,4.903400859832764,4.655754106839498,,376010195.56
2005-05-13,5.663105010986328,5.709599018096924,5.755675792694092,5.661777973175049,5.708105087280273,297731805,4.924437017440796,4.670948820114136,,375855136.54
2005-05-16,5.707818984985352,5.754680156707764,5.768877029418945,5.6929121017456055,5.720558166503906,228107811,4.946927719116211,4.686854201952617,,374977699.96
2005-05-17,5.7592034339904785,5.806486129760742,5.814455986022949,5.733509063720703,5.742475986480713,313526787,4.969004983901978,4.7027496226628624,,374288325.66
2005-05-18,5.908166885375977,5.9566731452941895,5.976847171783447,5.816198825836182,5.818440914154053,494325936,4.995884246826172,4.719065136909485,,377713837.38
2005-05-19,5.908661842346191,5.9571709632873535,6.006734848022461,5.934505939483643,5.986063003540039,390116793,5.02469126701355,4.735201323827107,,376393787.98
2005-05-20,5.968691825866699,6.017693996429443,6.01918888092041,5.968876838684082,6.007731914520264,327763952,5.055391187667847,4.751390643119812,,374147800.9
2005-05-23,6.310592174530029,6.362401962280273,6.428404808044434,6.0450921058654785,6.056300163269043,858738744,5.094071207046508,4.769039489428202,,384875862.14
2005-05-24,6.324179172515869,6.376101016998291,6.611219882965088,6.313834190368652,6.40001106262207,1166078427,5.13442494392395,4.786982235908508,,399246726.52
2005-05-25,6.4430060386657715,6.495902061462402,6.500135898590088,6.24235200881958,6.294655799865723,725023418,5.175371465682983,4.806960689226786,,405378263.2
2005-05-26,6.403232097625732,6.455801963806152,6.569375991821289,6.433385848999023,6.499638080596924,543895039,5.217015361785888,4.82519567489624,,410549815.06
2005-05-27,6.571217060089111,6.625166893005371,6.626412868499756,6.457046985626221,6.487184047698975,489190760,5.260208463668823,4.840732434590658,,413700380.06
2005-05-31,6.849630832672119,6.90586519241333,6.934010028839111,6.709103107452393,6.710597038269043,892805959,5.308641929626464,4.855654837290446,,425863239.2
2005-06-01,7.114701271057129,7.173112869262695,7.294907093048096,7.024171829223633,7.053562164306641,1412944285,5.362001905441284,4.873288736343384,,448112724.3
2005-06-02,7.112231731414795,7.170622825622559,7.217446804046631,7.088430881500244,7.191295146942139,721658854,5.4164478206634525,4.890213629404704,,458023654.18
2005-06-03,6.923494815826416,6.9803361892700195,7.20549201965332,6.909351825714111,7.142975807189941,754108027,5.466898727416992,4.904652843475342,4.469566982984543,469215286.52
2005-06-06,7.187331676483154,7.246338844299316,7.316327095031738,7.019439220428467,7.033387184143066,904413304,5.522535181045532,4.921307083765666,4.493303011655808,484328282.2
2005-06-07,7.241185665130615,7.300634860992432,7.461781024932861,7.230399131774902,7.399764060974121,976566743,5.578176622390747,4.937428321838379,4.516317991018295,496843015.32
2005-06-08,6.906201362609863,6.9629011154174805,7.302379131317139,6.924046993255615,7.293910980224609,1031889331,5.627984924316406,4.951490608851115,4.537508561611175,512282992.02
2005-06-09,7.072952747344971,7.131021022796631,7.1855669021606445,6.9878082275390625,7.0914201736450195,660109011,5.680717267990112,4.967205041249593,4.560103867053986,520477592.7
2005-06-10,6.9788312911987305,7.036127090454102,7.155180931091309,6.974358081817627,7.147957801818848,509767599,5.7315218544006346,4.983444175720215,4.582083982229233,525237768.38
2005-06-13,6.985007286071777,7.042354106903076,7.078218936920166,6.887185096740723,6.969377040863037,514047581,5.782685098648071,5.002273604075114,4.603857372999191,530554582.68
2005-06-14,6.876309871673584,6.932764053344727,7.004744052886963,6.917819976806641,6.938742160797119,405189077,5.829041337966919,5.019841092427572,4.625301992893219,532173026.36
2005-06-15,6.788612365722656,6.844346046447754,6.906611919403076,6.660783767700195,6.849327087402344,838454999,5.871995334625244,5.037458391189575,4.646820088624954,541926568.5
2005-06-16,6.853829860687256,6.910099029541016,6.931519031524658,6.801257133483887,6.830895900726318,500364485,5.915940618515014,5.055653524398804,4.668622118234635,547716027.78
2005-06-17,6.924482822418213,6.981331825256348,6.981331825256348,6.871743202209473,6.948954105377197,418940428,5.959049034118652,5.071806310017903,4.6910443222522735,548312013.34
2005-06-20,7.082587242126465,7.140735149383545,7.164894104003906,6.767881870269775,6.876474857330322,844140229,6.006197319030762,5.089191150665283,4.7141066324710845,561086195.3
2005-06-21,7.110748767852783,7.169127941131592,7.230399131774902,7.097646236419678,7.174857139587402,607560783,6.053325662612915,5.106288728713989,4.737497707605362,568892787.06
2005-06-22,7.146817207336426,7.20549201965332,7.280710220336914,7.189801216125488,7.214707851409912,420530365,6.100817642211914,5.125676062901815,4.760875083208084,571425765.84
2005-06-23,7.156946659088135,7.215703964233398,7.342728137969971,7.135753154754639,7.173112869262695,564363474,6.1490269374847415,5.145138117472331,4.784213852882385,577448737.12
2005-06-24,7.343213081359863,7.403500080108643,7.42218017578125,7.212465763092041,7.245343208312988,713512433,6.201729402542115,5.166675723393758,4.808490358591079,586778376.32
2005-06-27,7.512433052062988,7.57411003112793,7.5833258628845215,7.319066047668457,7.444595813751221,714785186,6.261057024002075,5.1890418910980225,4.833243824243546,591777444.1
2005-06-28,7.460555076599121,7.521805763244629,7.702380180358887,7.521805763244629,7.628407001495361,764314139,6.318357238769531,5.2117733510335285,4.857465533018112,601803845.18
2005-06-29,7.231304168701172,7.290672779083252,7.58108377456665,7.27647590637207,7.534259796142578,734691521,6.368828058242798,5.2325620969136555,4.88003468632698,609728397.44
2005-06-30,7.266630172729492,7.326289176940918,7.445343017578125,7.2488298416137695,7.331021785736084,606039101,6.416673717498779,5.252386124928792,4.902718411684036,609441646.64
2005-07-01,7.1949896812438965,7.254059791564941,7.3783440589904785,7.203499794006348,7.348455905914307,370487492,6.460026216506958,5.270959838231405,4.924795660972595,602596645.7
2005-07-05,7.305169105529785,7.365143775939941,7.371868133544922,7.228654861450195,7.275230884552002,300883574,6.499827032089233,5.289998477300008,4.946989970207214,581950668.48
2005-07-06,7.20166015625,7.260785102844238,7.412217140197754,7.257297992706299,7.404745101928711,321211484,6.533695096969605,5.30818696975708,4.968429610729218,572443406.0
2005-07-07,7.300969123840332,7.360909938812256,7.367384910583496,7.185815811157227,7.207734107971191,428484066,6.57194673538208,5.327378368377685,4.990559165477753,567143695.56
2005-07-08,7.318014144897461,7.3780951499938965,7.409727096557617,7.323799133300781,7.3785929679870605,299422117,6.6100290012359615,5.3467773214975995,5.012707401514053,564889517.9
2005-07-11,7.246867656707764,7.306364059448242,7.387310981750488,7.248331069946289,7.382328987121582,336869956,6.646841020584106,5.365532023111979,5.034193116426468,564654640.8
2005-07-12,7.208082675933838,7.267261028289795,7.332516193389893,7.246089935302734,7.3073601722717285,235475323,6.682596998214722,5.384708484013875,5.055606606006623,562000489.54
2005-07-13,7.382986545562744,7.443600177764893,7.45306396484375,7.275230884552002,7.285441875457764,459230882,6.720739040374756,5.405867513020834,5.078097306489944,563341898.68
2005-07-14,7.43313455581665,7.494160175323486,7.64011287689209,7.473736763000488,7.604994773864746,428307406,6.757949562072754,5.427604373296102,5.099769822359085,557630571.16
2005-07-15,7.440545558929443,7.501632213592529,7.556675910949707,7.4665141105651855,7.502877235412598,338801168,6.794158849716187,5.4488181940714515,5.120954167842865,554703560.98
2005-07-18,7.399784088134766,7.460536003112793,7.51931619644165,7.415953159332275,7.4719929695129395,249242734,6.830303373336792,5.470053599675496,5.1421173429489135,553658217.4
2005-07-19,7.655716896057129,7.718568801879883,7.729776859283447,7.516825199127197,7.52429723739624,506748324,6.871090488433838,5.493208478291829,5.1641995716094975,558361781.68
2005-07-20,7.707594394683838,7.770873069763184,7.786066055297852,7.516825199127197,7.61072301864624,574561556,6.913919954299927,5.515343844095866,5.186234482526779,565406970.18
2005-07-21,7.755519390106201,7.819191932678223,7.91533088684082,7.75119686126709,7.821930885314941,794543021,6.9568291282653805,5.537620350519816,5.208098782300949,576202162.1
2005-07-22,7.470437049865723,7.531768798828125,7.702380180358887,7.38058614730835,7.630648136138916,938978379,6.992251348495484,5.558530308405558,5.228686611652375,585764269.4
2005-07-25,7.308628082275391,7.368630886077881,7.553936004638672,7.346464157104492,7.531519889831543,387800142,7.025691003799438,5.577753260930379,5.248238331079483,586334880.2
2005-07-26,7.314556121826172,7.374608039855957,7.42218017578125,7.27498197555542,7.3477091789245605,394147846,7.058991184234619,5.596195802688599,5.267959411144257,588263201.02
2005-07-27,7.335308074951172,7.3955302238464355,7.427907943725586,7.282702922821045,7.415703773498535,289798178,7.091808185577393,5.61498869895935,5.2880926978588105,589497008.36
2005-07-28,7.250573635101318,7.310100078582764,7.407485008239746,7.304619789123535,7.407485008239746,237912424,7.121880464553833,5.632788645426432,5.307532333135605,587984721.1
2005-07-29,7.108774185180664,7.167136192321777,7.293662071228027,7.147957801818848,7.276226997375488,335785908,7.1460897254943845,5.649369834264119,5.32582128405571,584813920.54
2005-08-01,7.203882694244385,7.263026237487793,7.285192966461182,7.175603866577148,7.176102161407471,227344963,7.172206830978394,5.665924450556437,5.344452700614929,581558483.94
2005-08-02,7.391137599945068,7.451818943023682,7.460038185119629,7.250822067260742,7.262776851654053,292701018,7.200889329910279,5.683596544265747,5.363765314817429,580857225.26
2005-08-03,7.344447612762451,7.404745101928711,7.465019226074219,7.362403869628906,7.42218017578125,238113174,7.221736192703247,5.7009315649668375,5.382213665246963,568444713.86
2005-08-04,7.3550705909729,7.415454864501953,7.447085857391357,7.353686809539795,7.361158847808838,210245108,7.24252326965332,5.717557576497396,5.400867494344712,549328047.48
2005-08-05,7.222163677215576,7.28145694732666,7.434882164001465,7.25555419921875,7.409727096557617,238478538,7.258234367370606,5.73408894220988,5.419779108762741,539597149.88
2005-08-08,7.1949896812438965,7.254059791564941,7.363648891448975,7.235130786895752,7.312591075897217,179943955,7.274199523925781,5.748790499369304,5.437446637153625,532318128.2
2005-08-09,7.202895164489746,7.262030124664307,7.289677143096924,7.185815811157227,7.2717437744140625,232038489,7.28693678855896,5.764908418655396,5.452283523082733,527175082.78
2005-08-10,7.057389736175537,7.115330219268799,7.280959129333496,7.095405101776123,7.25530481338501,276191367,7.291126089096069,5.7802127202351885,5.464522650241852,514842790.94
2005-08-11,7.0171217918396,7.074731826782227,7.1377458572387695,6.989302158355713,7.120560169219971,301722708,7.28915846824646,5.796069946289062,5.477256169319153,492618359.4
2005-08-12,7.157192707061768,7.2159528732299805,7.227908134460449,7.014707088470459,7.057547092437744,264423423,7.290065069198608,5.811988611221313,5.49017648935318,483473650.78
2005-08-15,7.0158867835998535,7.073486804962158,7.29191780090332,7.067758083343506,7.217945098876953,328213631,7.291928081512451,5.82675658861796,5.501471652984619,474955762.86
2005-08-16,7.0566487312316895,7.1145830154418945,7.167882919311523,7.0570478439331055,7.095405101776123,285433881,7.289292964935303,5.842050927480062,5.513303554058075,462576174.4
2005-08-17,7.043060779571533,7.100883960723877,7.1374969482421875,7.073486804962158,7.111095905303955,155914222,7.285297946929932,5.856948420206706,5.5243957281112674,446163123.98
2005-08-18,6.916823387145996,6.973610877990723,6.986313819885254,6.849327087402344,6.871992111206055,476692087,7.285512142181396,5.871005725860596,5.534995992183685,435059179.1
2005-08-19,6.917071342468262,6.973859786987305,7.009974956512451,6.964395999908447,6.998517990112305,222547046,7.2823689174652095,5.8842942428588865,5.545996010303497,426307939.8
2005-08-22,6.7690958976745605,6.824668884277344,7.010472774505615,6.808230876922607,7.004744052886963,273541472,7.278139753341675,5.895935602188111,5.55711807012558,421583417.26
2005-08-23,6.9066948890686035,6.9633989334106445,6.9673848152160645,6.827408790588379,6.878219127655029,233740846,7.2765606498718265,5.909597721099853,5.570845365524292,415977282.56
2005-08-24,6.980559825897217,7.037869930267334,7.092166900634766,6.885441780090332,6.913337230682373,345012362,7.278662767410278,5.924317547480265,5.584546511173248,414773748.26
2005-08-25,6.981054306030273,7.038368225097656,7.073486804962158,6.973113059997559,7.03737211227417,175720183,7.282543210983277,5.939977181752523,5.598729596138001,401519051.94
2005-08-26,7.005511283874512,7.063025951385498,7.0988922119140625,7.040112018585205,7.060534954071045,150775031,7.285601749420166,5.957056493759155,5.613140580654144,394527262.86
2005-08-29,7.125818729400635,7.18432092666626,7.2010087966918945,7.029651165008545,7.029651165008545,237005036,7.289661531448364,5.975542198816935,5.626270115375519,390888555.02
2005-08-30,7.096668720245361,7.154932022094727,7.210721969604492,7.1203107833862305,7.157919883728027,192398464,7.289945468902588,5.991819524765015,5.63937973022461,377853719.72
2005-08-31,7.06529426574707,7.123300075531006,7.1855669021606445,7.082452774047852,7.178842067718506,202114747,7.289028911590576,6.008078578313191,5.651973774433136,369744799.0
2005-09-01,7.071470737457275,7.1295270919799805,7.1606597900390625,7.098392963409424,7.121058940887451,110095123,7.287509613037109,6.024003887176514,5.666134450435639,363536094.16
2005-09-02,7.125818729400635,7.18432092666626,7.222678184509277,7.134259223937988,7.136003017425537,137894934,7.286881952285767,6.039417772293091,5.68057407617569,355006723.36
2005-09-06,7.092715263366699,7.150946140289307,7.207734107971191,7.143225193023682,7.198019981384277,169123549,7.28183087348938,6.055226847330729,5.695464510917663,344118945.68
2005-09-07,7.284418106079102,7.344222068786621,7.359912872314453,7.105367183685303,7.120560169219971,301104399,7.277233114242554,6.069989846547444,5.711089696884155,335845329.94
2005-09-08,7.2972636222839355,7.357173919677734,7.454060077667236,7.306612968444824,7.343225955963135,265523531,7.273940477371216,6.084025573730469,5.72731513261795,325869517.78
2005-09-09,7.388667583465576,7.4493279457092285,7.4495768547058105,7.3863139152526855,7.404246807098389,176278267,7.277113580703736,6.099754947026571,5.7436999678611755,314701252.7
2005-09-12,7.651763439178467,7.714583873748779,7.756426811218262,7.4969000816345215,7.515580177307129,417017246,7.284879474639893,6.118635845184326,5.760509462356567,310920815.6
2005-09-13,7.699688911437988,7.762903213500977,7.858792781829834,7.625667095184326,7.696153163909912,413540262,7.295056343078613,6.137405494054159,5.776983964443207,311781871.0
2005-09-14,7.485259532928467,7.546712875366211,7.80275297164917,7.479465007781982,7.689427852630615,452722579,7.298687725067139,6.155906146367391,5.792170789241791,314818651.1
2005-09-15,7.47587251663208,7.5372490882873535,7.64011287689209,7.419938087463379,7.460038185119629,620966845,7.304217004776001,6.174941466649373,5.807194478511811,320813758.32
2005-09-16,7.416088104248047,7.476974010467529,7.584073066711426,7.468754768371582,7.572117805480957,304328438,7.306538286209107,6.1936712614695235,5.82216834783554,318330645.76
2005-09-19,7.504775524139404,7.566389083862305,7.621432781219482,7.4896769523620605,7.4969000816345215,231339881,7.310304164886475,6.212068967819214,5.837659032344818,316969001.04
2005-09-20,7.606555938720703,7.669004917144775,7.7534379959106445,7.602254867553711,7.625168800354004,375441994,7.317556982040405,6.230778840382894,5.8535382628440855,317740441.8
2005-09-21,7.705122947692871,7.7683820724487305,7.814709186553955,7.620437145233154,7.681457996368408,406305245,7.327579402923584,6.249623206456502,5.870426213741302,321157040.24
2005-09-22,7.692031383514404,7.755181789398193,7.9506988525390625,7.72529411315918,7.758419990539551,522206047,7.33381103515625,6.268464250564575,5.887853393554687,322416543.54
2005-09-23,7.7905988693237305,7.854558944702148,7.900636196136475,7.7855682373046875,7.795780181884766,340623975,7.341019010543823,6.287959508895874,5.905958032608032,320662874.92
2005-09-26,7.763918399810791,7.827660083770752,7.993786811828613,7.784821033477783,7.957673072814941,397259466,7.347539567947388,6.3083680152893065,5.923498537540436,321832040.88
2005-09-27,7.755519390106201,7.819191932678223,7.930523872375488,7.805243968963623,7.84434700012207,275954483,7.354712686538696,6.32829166730245,5.9412183713912965,322366275.86
2005-09-28,7.559370994567871,7.621432781219482,7.848083019256592,7.6114702224731445,7.826166152954102,321095049,7.352769966125488,6.347737112045288,5.958098850250244,318653210.36
2005-09-29,7.64879846572876,7.711595058441162,7.738992214202881,7.6234259605407715,7.638370037078857,225393676,7.351584405899048,6.368285093307495,5.974403984546662,311669852.76
2005-09-30,7.817772388458252,7.881956100463867,7.907858848571777,7.7780961990356445,7.826166152954102,367424053,7.352839689254761,6.389616800944011,5.9914251852035525,303127473.4
2005-10-03,7.872615814208984,7.937249183654785,7.972866058349609,7.790548801422119,7.811470985412598,367785402,7.3609492969512935,6.411637595494589,6.009135055541992,291703613.86
2005-10-04,7.682889461517334,7.745965957641602,8.002006530761719,7.739490032196045,7.968881130218506,367143003,7.368495998382568,6.432529287338257,6.025438945293427,291290471.08
2005-10-05,7.67572546005249,7.738742828369141,7.843101978302002,7.67124605178833,7.788057804107666,334384676,7.375778694152832,6.453068965276082,6.041091525554657,290095207.68
2005-10-06,7.726121425628662,7.789553165435791,7.832641124725342,7.723300933837891,7.8241729736328125,320950509,7.383659152984619,6.474131685892741,6.0571563124656675,290718254.3
2005-10-07,7.732049942016602,7.795529842376709,7.8871870040893555,7.734508991241455,7.840362071990967,271827070,7.3933677482604985,6.494751065572103,6.072933421134949,291396547.22
2005-10-10,7.674243450164795,7.73724889755249,7.8411102294921875,7.699889183044434,7.803501129150391,223723439,7.404770002365113,6.515581324895223,6.088219876289368,289155297.84
2005-10-11,7.561841011047363,7.6239237785339355,7.787062168121338,7.593039035797119,7.736252784729004,342984790,7.411987953186035,6.53629535039266,6.102440326213837,291468094.38
2005-10-12,7.435111045837402,7.496152877807617,7.651072025299072,7.447085857391357,7.601508140563965,373643277,7.412874631881714,6.556385049819946,6.1159160661697385,293086939.56
2005-10-13,7.347907066345215,7.40823221206665,7.521805763244629,7.23986291885376,7.521805763244629,424292413,7.412944374084472,6.576250591278076,6.128934767246246,296810524.34
2005-10-14,7.315791606903076,7.375853061676025,7.47772216796875,7.286190032958984,7.469501972198486,342041267,7.412152338027954,6.596366850535075,6.141206266880036,299446447.52
2005-10-17,7.534667015075684,7.596526145935059,7.601508140563965,7.336501121520996,7.409727096557617,303802474,7.418453722000122,6.617353185017904,6.155180137157441,300752926.24
2005-10-18,7.492176532745361,7.55368709564209,7.670249938964844,7.540236949920654,7.595530033111572,284173173,7.424446268081665,6.638553717931112,6.167704441547394,302837510.6
2005-10-19,7.626071453094482,7.688681125640869,7.717822074890137,7.57062292098999,7.571619987487793,281479113,7.432979288101197,6.6600415134429936,6.181926136016846,303826323.08
2005-10-20,7.490200042724609,7.551693916320801,7.749204158782959,7.502130031585693,7.720810890197754,558553779,7.441706562042237,6.68049152692159,6.19558618068695,309473571.32
2005-10-21,8.396831512451172,8.465767860412598,8.628409385681152,8.293911933898926,8.612716674804688,919128253,7.469527282714844,6.706895885467529,6.2144342803955075,321821682.22
2005-10-24,8.612988471984863,8.683700561523438,8.699891090393066,8.522804260253906,8.552193641662598,378682093,7.498882236480713,6.735131708780925,6.233712017536163,324106855.62
2005-10-25,8.570002555847168,8.640363693237305,8.652567863464355,8.539491653442383,8.612218856811523,276163262,7.530219774246216,6.763015527725219,6.252622385025024,323065848.24
2005-10-26,8.780726432800293,8.852816581726074,8.866765022277832,8.622430801391602,8.624672889709473,357635500,7.564984445571899,6.792270863850911,6.272784307003021,324509880.62
2005-10-27,8.72193431854248,8.793540000915527,8.893913269042969,8.759167671203613,8.881709098815918,206145800,7.598837566375733,6.8207707118988035,6.292420706748962,325514512.18
2005-10-28,8.848169326782227,8.920812606811523,8.940239906311035,8.84235668182373,8.848583221435547,237025111,7.637781600952149,6.850426222483317,6.3126996946334835,320721172.66
2005-10-31,9.193281173706055,9.268757820129395,9.333765029907227,8.954188346862793,8.972369194030762,575866428,7.683679561614991,6.882255249023437,6.334140572547913,327787560.3
2005-11-01,9.372138023376465,9.44908332824707,9.561660766601562,9.190800666809082,9.261784553527832,656696267,7.736167850494385,6.915276486078898,6.355993664264679,335450656.2
2005-11-02,9.379549980163574,9.456555366516113,9.589057922363281,9.394039154052734,9.506866455078125,424200069,7.786030979156494,6.948425575892131,6.378706035614013,339259840.66
2005-11-03,9.534441947937012,9.61271858215332,9.628410339355469,9.498895645141602,9.524550437927246,299052737,7.837527952194214,6.9817440191904705,6.402620148658753,338340648.16
2005-11-04,9.645115852355957,9.7243013381958,9.758173942565918,9.600266456604004,9.713092803955078,354319116,7.891246614456176,7.015261720021566,6.427794539928437,341912626.82
2005-11-07,9.758752822875977,9.838871002197266,9.899643898010254,9.76714038848877,9.840615272521973,385098052,7.946763515472412,7.049435294469197,6.4544832491874695,346599087.24
2005-11-08,9.632020950317383,9.711099624633789,9.852819442749023,9.678223609924316,9.819443702697754,317084071,7.997299089431762,7.082003218332926,6.480981421470642,348200667.94
2005-11-09,9.366456031799316,9.443353652954102,9.671001434326172,9.415458679199219,9.63065242767334,420245300,8.04306752204895,7.113070103327433,6.504631524085998,352757604.66
2005-11-10,9.661666870117188,9.740987777709961,9.747215270996094,9.400514602661133,9.423678398132324,366516664,8.09542127609253,7.145925283432007,6.529914252758026,356045643.0
2005-11-11,9.644373893737793,9.723553657531738,9.885446548461914,9.684947967529297,9.841113090515137,283615089,8.147301807403565,7.178543020884196,6.554828367233276,359516042.32
2005-11-14,9.80667781829834,9.887189865112305,9.91832447052002,9.751697540283203,9.766392707824707,313486637,8.201359186172485,7.212422691980998,6.5799031257629395,363027876.38
2005-11-15,9.703664779663086,9.783329963684082,9.887937545776367,9.737252235412598,9.82268238067627,346289130,8.25400686264038,7.245855712890625,6.604921851158142,366571188.0
2005-11-16,9.83582878112793,9.916580200195312,9.934015274047852,9.815957069396973,9.868012428283691,349111670,8.305454025268554,7.2812480545043945,6.6288558912277225,367531333.42
2005-11-17,9.966758728027344,10.048584938049316,10.057552337646484,9.950950622558594,10.007489204406738,369869183,8.359282245635987,7.317193320592245,6.652839741706848,369618246.46
2005-11-18,9.886719703674316,9.967887878417969,10.074736595153809,9.958922386169434,10.049581527709961,282077347,8.40965344429016,7.351865027745565,6.677229571342468,371734228.06
2005-11-21,10.11275863647461,10.195783615112305,10.211226463317871,9.800515174865723,9.941985130310059,414953540,8.459277439117432,7.386943543752034,6.703796243667602,371692953.94
2005-11-22,10.288403511047363,10.372870445251465,10.393792152404785,10.117826461791992,10.178099632263184,385278727,8.51147678375244,7.422186447779338,6.730923316478729,371127723.24
2005-11-23,10.44626235961914,10.532023429870605,10.578350067138672,10.355684280395508,10.387066841125488,404912042,8.571182994842529,7.456565917332967,6.759725358486175,370171512.5
2005-11-25,10.588554382324219,10.675485610961914,10.67872428894043,10.592796325683594,10.604750633239746,194329675,8.63394772529602,7.490619942347209,6.789693031311035,361638769.1
2005-11-28,10.461576461791992,10.547466278076172,10.740740776062012,10.521562576293945,10.705373764038086,441986487,8.695357570648193,7.524614197413126,6.819092838764191,364391930.08
2005-11-29,9.96898078918457,10.050827026367188,10.620192527770996,10.015957832336426,10.571873664855957,863054861,8.74504632949829,7.555126498540242,6.845313308238983,377026229.68
2005-11-30,10.002826690673828,10.084948539733887,10.173118591308594,9.852071762084961,10.06875991821289,626202395,8.793365201950074,7.585921068191528,6.871425430774689,382041437.7
2005-12-01,10.229608535766602,10.313591957092285,10.34721565246582,10.169134140014648,10.19179916381836,391257051,8.844269399642945,7.618148600260417,6.898284754753113,381740473.82
2005-12-02,10.318788528442383,10.403505325317383,10.449084281921387,10.30786418914795,10.384575843811035,302870996,8.897235870361328,7.650595315297445,6.925657155513764,377353772.8
2005-12-05,10.026047706604004,10.10836124420166,10.398524284362793,10.069257736206055,10.386070251464844,413118688,8.942311916351319,7.680426829655965,6.951547610759735,378803667.06
2005-12-06,9.993685722351074,10.07573413848877,10.371376037597656,10.004999160766602,10.17934513092041,607279734,8.987273397445678,7.709657271703084,6.9780943608284,383004072.42
2005-12-07,9.985782623291016,10.067764282226562,10.129531860351562,9.937999725341797,10.116082191467285,468385066,9.032244844436645,7.739086968104044,7.004279961585999,386852684.08
2005-12-08,10.144625663757324,10.227912902832031,10.227912902832031,10.028410911560059,10.0946626663208,357735875,9.084374446868896,7.7694116338094075,7.03189644575119,387585500.6
2005-12-09,10.108807563781738,10.19179916381836,10.355684280395508,10.175857543945312,10.336256980895996,306881974,9.13397852897644,7.799827629725138,7.059708452224731,389215266.56
2005-12-12,10.193045616149902,10.276729583740234,10.341487884521484,10.210478782653809,10.327041625976562,279046027,9.181873998641969,7.830514272054036,7.0876811003685,387447706.04
2005-12-13,10.31360149383545,10.398275375366211,10.410977363586426,10.252571105957031,10.273990631103516,327775997,9.231094522476196,7.861431722640991,7.11650182723999,386647517.94
2005-12-14,10.349915504455566,10.434886932373047,10.454066276550293,10.348461151123047,10.387066841125488,266210095,9.284872941970825,7.893019981384278,7.145615200996399,384628859.78
2005-12-15,10.43860149383545,10.524301528930664,10.538996696472168,10.373617172241211,10.438623428344727,242738446,9.340584115982056,7.925117998123169,7.174947752952575,382795935.18
2005-12-16,10.626351356506348,10.713592529296875,10.772123336791992,10.52928352355957,10.593791961669922,655668429,9.399064903259278,7.9581774139404295,7.205364990234375,389490293.58
2005-12-19,10.48924446105957,10.575361251831055,11.113594055175781,10.463529586791992,10.76465129852295,880760980,9.454661531448364,7.989969914754232,7.234728682041168,401668971.78
2005-12-20,10.61622142791748,10.703380584716797,10.76465129852295,10.577103614807129,10.656557083129883,404899997,9.513984165191651,8.02161463101705,7.26518203496933,405292502.94
2005-12-21,10.531982421875,10.618449211120605,10.880716323852539,10.478473663330078,10.798274993896484,450558497,9.573874673843385,8.052689819335937,7.295690181255341,407443977.08
2005-12-22,10.673041343688965,10.760665893554688,10.781089782714844,10.608487129211426,10.753941535949707,302995460,9.639164934158325,8.084309631983439,7.327080020904541,406031020.74
2005-12-23,10.64561939239502,10.733019828796387,10.772123336791992,10.679471015930176,10.763405799865723,184492943,9.70566068649292,8.11344708442688,7.358603115081787,401235031.34
2005-12-27,10.490232467651367,10.576356887817383,10.756182670593262,10.529533386230469,10.756182670593262,269116950,9.769670763015746,8.14144879023234,7.389692828655243,399776545.0
2005-12-28,10.540875434875488,10.627415657043457,10.654563903808594,10.492173194885254,10.56888484954834,285783185,9.830288553237915,8.16899221420288,7.420587027072907,399416159.22
2005-12-29,10.379313468933105,10.464526176452637,10.678224563598633,10.440117835998535,10.659544944763184,278873383,9.888505334854125,8.19571704228719,7.451041622161865,399310163.42
2005-12-30,10.24863052368164,10.332770347595215,10.416207313537598,10.304875373840332,10.392794609069824,304621533,9.941387119293212,8.220434398651124,7.4803779149055485,399773011.82
2006-01-03,10.751846313476562,10.840119361877441,10.85107707977295,10.416457176208496,10.523554801940918,526815259,10.007155628204346,8.246662759780884,7.512157552242279,399138241.42
2006-01-04,10.999133110046387,11.089433670043945,11.182086944580078,10.952696800231934,11.056058883666992,613747887,10.059628944396973,8.272771565119426,7.54507915019989,393030634.1
2006-01-05,11.147355079650879,11.238874435424805,11.24659538269043,10.996282577514648,11.108363151550293,433952486,10.110732421875,8.299893242518108,7.579031887054444,394136041.96
2006-01-06,11.503584861755371,11.598028182983398,11.718576431274414,11.288686752319336,11.379097938537598,712938289,10.169885711669922,8.33067785580953,7.614733073711395,402871542.5
2006-01-09,11.534217834472656,11.628911972045898,11.790804862976074,11.480467796325684,11.616707801818848,513593887,10.225407619476318,8.359895009994506,7.650555052757263,405990710.24
2006-01-10,11.604867935180664,11.70014476776123,11.712348937988281,11.507865905761719,11.567144393920898,365247927,10.283539714813232,8.389225076039633,7.686462962627411,409172752.78
2006-01-11,11.651065826416016,11.746720314025879,11.833395957946777,11.685699462890625,11.737753868103027,361646478,10.340057868957519,8.421117204030354,7.722834134101868,411665180.12
2006-01-12,11.453435897827148,11.547467231750488,11.83040714263916,11.494416236877441,11.798774719238281,406530084,10.385632057189941,8.450560178756714,7.758099451065063,408278453.24
2006-01-13,11.518160820007324,11.612723350524902,11.628663063049316,11.497156143188477,11.564403533935547,307411953,10.428904857635498,8.481070820490519,7.793683578968048,401292766.96
2006-01-17,11.53940486907959,11.63414192199707,11.703632354736328,11.52007007598877,11.533269882202148,332051965,10.472456588745118,8.511682739257813,7.8294333291053775,399449804.88
2006-01-18,10.990979194641113,11.081214904785156,11.391303062438965,11.039870262145996,11.140742301940918,822499417,10.501826515197754,8.539339078267416,7.861764643192291,409918738.48
2006-01-19,10.781987190246582,10.870505332946777,11.294914245605469,10.784577369689941,11.237130165100098,583671575,10.524750595092774,8.566180140177408,7.892633938789368,414505787.66
2006-01-20,9.86819076538086,9.94920825958252,10.959670066833496,9.831648826599121,10.926545143127441,1650832619,10.526957340240479,8.586440868377686,7.9188158059120175,439820479.0
2006-01-23,10.560885429382324,10.647589683532715,10.669756889343262,10.10537338256836,10.146469116210938,913065614,10.545687141418457,8.610882587432862,7.9479241991043095,451740109.86
2006-01-24,10.944537162780762,11.034390449523926,11.082210540771484,10.821438789367676,10.8600435256958,620902605,10.577507877349854,8.636840289433797,7.979179546833039,455753255.96
2006-01-25,10.696757316589355,10.784577369689941,11.313344955444336,10.6904296875,11.239372253417969,752401655,10.598379669189454,8.660943285624187,8.009038879871369,463470955.78
2006-01-26,10.728131294250488,10.816207885742188,10.958674430847168,10.549457550048828,10.947465896606445,518982008,10.620232753753662,8.685014724731445,8.038965454101563,468178294.16
2006-01-27,10.7088623046875,10.796780586242676,10.914588928222656,10.684452056884766,10.834389686584473,339355237,10.63842456817627,8.708888568878173,8.068923161029815,468695666.16
2006-01-30,10.544087409973145,10.630654335021973,10.791550636291504,10.58532428741455,10.690678596496582,344843732,10.655371055603027,8.730402930577595,8.098234548568726,468666758.2
2006-01-31,10.68835735321045,10.776107788085938,10.94896125793457,10.559670448303223,10.724054336547852,885948351,10.67256160736084,8.75174958229065,8.129076442718507,479403491.82
2006-02-01,9.92550277709961,10.006991386413574,10.012471199035645,9.651823043823242,9.689432144165039,1088966472,10.671729736328125,8.76831748644511,8.155827424526215,493785437.6
2006-02-02,9.783703804016113,9.86402702331543,10.124550819396973,9.862532615661621,10.057801246643066,474078326,10.669652519226075,8.785473181406656,8.181311900615691,497625457.18
2006-02-03,9.42574405670166,9.503129959106445,9.8107271194458,9.279467582702637,9.803752899169922,734012987,10.655799446105958,8.79998545328776,8.204157519340516,504006646.12
2006-02-06,9.513442993164062,9.591548919677734,9.711099624633789,9.45356559753418,9.596778869628906,358956433,10.640173015594483,8.815568714141845,8.226683089733124,503480200.24
2006-02-07,9.089031219482422,9.163652420043945,9.556678771972656,9.04982852935791,9.538995742797852,667701363,10.61280559539795,8.827558771769207,8.245625836849213,508735986.66
2006-02-08,9.117688179016113,9.192543983459473,9.232644081115723,8.833639144897461,9.177599906921387,835283155,10.5831467628479,8.84043716430664,8.263751647472382,521555056.26
2006-02-09,8.862992286682129,8.93575668334961,9.32504653930664,8.869504928588867,9.245346069335938,478282024,10.550912570953368,8.850936142603556,8.281188790798188,522280967.0
2006-02-10,8.957854270935059,9.031397819519043,9.078472137451172,8.7955322265625,9.014960289001465,611222457,10.530523986816407,8.861958160400391,8.298975870609283,517244318.92
2006-02-13,8.54011344909668,8.61022663116455,8.732269287109375,8.515332221984863,8.633639335632324,791668286,10.50102954864502,8.870650577545167,8.3146981883049,520553636.74
2006-02-14,8.481317520141602,8.550949096679688,8.759417533874512,8.528035163879395,8.601011276245117,588357072,10.465776691436767,8.879208498001098,8.330055623054504,524495637.16
2006-02-15,8.458096504211426,8.52753734588623,8.617698669433594,8.41421127319336,8.499890327453613,519821141,10.428257331848144,8.886434745788574,8.34501081943512,528834640.06
2006-02-16,9.05296516418457,9.127288818359375,9.140737533569336,8.580089569091797,8.609479904174805,855815829,10.408635883331298,8.89732227007548,8.362479093074798,537688582.88
2006-02-17,9.109536170959473,9.184325218200684,9.268757820129395,9.056553840637207,9.211971282958984,574955025,10.390807704925537,8.908540223439534,8.379944880008697,537042088.7
2006-02-21,9.056177139282227,9.130526542663574,9.303627967834473,9.09366512298584,9.126791000366211,348742290,10.372062950134277,8.919673493703206,8.397330963611603,534649233.18
2006-02-22,9.029003143310547,9.103129386901855,9.189306259155273,9.062531471252441,9.144474029541016,260018976,10.349567279815673,8.928903897603353,8.414450545310974,532694895.2
2006-02-23,9.339776039123535,9.416455268859863,9.49540901184082,9.100639343261719,9.106118202209473,503945859,10.334060401916505,8.939874445597331,8.43338582277298,536636172.9
2006-02-24,9.323224067687988,9.39976692199707,9.466267585754395,9.302382469177246,9.397276878356934,260344190,10.316521148681641,8.95041161219279,8.452015991210937,536262136.16
2006-02-27,9.643879890441895,9.723055839538574,9.755931854248047,9.471497535705566,9.496155738830566,410019113,10.303016757965088,8.965020192464193,8.471827981472016,537906998.48
2006-02-28,8.958099365234375,9.031646728515625,9.901387214660645,8.431147575378418,9.793292045593262,1583416872,10.274951953887939,8.97610696474711,8.488502974510192,564251134.02
2006-03-01,9.011956214904785,9.085944175720215,9.201760292053223,8.998769760131836,9.179593086242676,484256334,10.246184806823731,8.98751587231954,8.50538470029831,569081491.78
2006-03-02,9.299756050109863,9.376106262207031,9.491922378540039,9.021185874938965,9.072992324829102,735960259,10.219435081481933,9.000719712575277,8.523491830825806,570687328.38
2006-03-03,9.34249496459961,9.419195175170898,9.644848823547363,9.358920097351074,9.571622848510742,480273461,10.196311759948731,9.01478034655253,8.541555376052857,562677578.0
2006-03-06,9.093478202819824,9.168135643005371,9.549206733703613,9.144225120544434,9.487190246582031,358928328,10.165606861114503,9.028120342890421,8.557612688541413,561758144.62
2006-03-07,9.00330924987793,9.077225685119629,9.17685317993164,8.920313835144043,9.091423034667969,416708092,10.134782390594482,9.040215005874634,8.573212962150574,561081136.52
2006-03-08,8.742191314697266,8.813962936401367,8.96713924407959,8.730774879455566,8.815208435058594,471585016,10.095848331451416,9.049295965830485,8.587194306850433,564452927.64
2006-03-09,8.473413467407227,8.54297924041748,8.929779052734375,8.505619049072266,8.851572036743164,558501584,10.052047519683837,9.05688419342041,8.59809719324112,571933100.46
2006-03-10,8.337539672851562,8.405991554260254,8.580339431762695,8.257798194885254,8.555432319641113,775921484,10.008640213012695,9.063487771352133,8.60824664592743,582069191.14
2006-03-13,8.32667064666748,8.39503288269043,8.62018871307373,8.354933738708496,8.491421699523926,547741403,9.963992557525636,9.070911610921224,8.61774230003357,587308355.5
2006-03-14,8.674995422363281,8.746216773986816,8.77635383605957,8.28444766998291,8.397026062011719,740794310,9.929626369476319,9.08085932413737,8.629194374084472,596546774.04
2006-03-15,8.510470390319824,8.580339431762695,8.774611473083496,8.48145866394043,8.736502647399902,512666424,9.894577751159668,9.08964805285136,8.63897023677826,600707671.86
2006-03-16,8.368916511535645,8.437623977661133,8.68619155883789,8.41595458984375,8.68270492553711,402169802,9.846527843475341,9.098463344573975,8.646629030704498,598214762.72
2006-03-17,8.394113540649414,8.463027954101562,8.512593269348145,8.341981887817383,8.438370704650879,343350155,9.793999729156495,9.107718652089437,8.653078606128693,592806808.08
2006-03-20,8.6016263961792,8.67224407196045,8.71956729888916,8.506614685058594,8.52653980255127,417864410,9.742667121887207,9.117427260080973,8.660586712360383,592485046.56
2006-03-21,8.397324562072754,8.466265678405762,8.75866985321045,8.445344924926758,8.717574119567871,394717975,9.680031871795654,9.126712452570597,8.66801635980606,586120640.28
2006-03-22,8.404735565185547,8.473737716674805,8.5703763961792,8.405991554260254,8.462032318115234,304978867,9.616928386688233,9.13577348391215,8.674153354167938,581948339.88
2006-03-23,8.445991516113281,8.515332221984863,8.611472129821777,8.47323989868164,8.526788711547852,298502683,9.553232135772705,9.145203138987224,8.6802268409729,580613435.0
2006-03-24,9.03665828704834,9.11085033416748,9.217700004577637,9.02890682220459,9.181086540222168,609500025,9.500514736175537,9.159451402028402,8.69096658706665,585570505.94
2006-03-27,9.132757186889648,9.20773696899414,9.258049011230469,9.090925216674805,9.142979621887207,282001062,9.45372013092041,9.174343916575113,8.701350166797639,583079925.5
2006-03-28,9.318283081054688,9.39478588104248,9.411224365234375,9.244599342346191,9.258049011230469,359173242,9.409361381530761,9.191478029886882,8.71314346075058,584115151.28
2006-03-29,9.757516860961914,9.837626457214355,9.937750816345215,9.452320098876953,9.463029861450195,763952790,9.373431072235107,9.21063954671224,8.727119822502136,592753167.78
2006-03-30,9.595955848693848,9.674736976623535,9.800764083862305,9.554437637329102,9.693416595458984,590673723,9.345301513671876,9.228218660354614,8.74082968711853,588116653.9
2006-03-31,9.634490966796875,9.713590621948242,9.76016616821289,9.564897537231445,9.682209014892578,1466331647,9.322163219451904,9.246053476333618,8.755175909996034,605769855.34
2006-04-03,9.627080917358398,9.7061185836792,9.775110244750977,9.662034034729004,9.701885223388672,326125835,9.317301425933838,9.263674093882242,8.769156007766723,579275719.66
2006-04-04,9.98874568939209,10.070752143859863,10.084699630737305,9.667264938354492,9.711099624633789,630984252,9.30576467514038,9.282916968663534,8.784603109359741,573634092.42
2006-04-05,10.0789155960083,10.161662101745605,10.325547218322754,10.032894134521484,10.166892051696777,538430634,9.288310108184815,9.302961835861206,8.799707744121552,571984653.0
2006-04-06,10.157718658447266,10.241113662719727,10.308610916137695,10.097901344299316,10.12430191040039,345229172,9.27744083404541,9.323747259775798,8.815067672729493,563841203.34
2006-04-07,10.033707618713379,10.116082191467285,10.282708168029785,10.062782287597656,10.271748542785645,282089392,9.263438320159912,9.343657627105713,8.829620623588562,559103351.02
2006-04-10,10.286178588867188,10.370628356933594,10.390304565429688,10.093417167663574,10.138997077941895,374201361,9.25491527557373,9.364899676640828,8.845395245552062,559800273.5
2006-04-11,10.120169639587402,10.203255653381348,10.438373565673828,10.117576599121094,10.371624946594238,445953300,9.246367301940918,9.385248406728108,8.859394023418426,561822464.86
2006-04-12,10.102629661560059,10.185571670532227,10.244850158691406,10.091922760009766,10.186817169189453,241582128,9.234556579589844,9.404190737406413,8.872451331615448,548935140.4
2006-04-13,9.934890747070312,10.01645565032959,10.205745697021484,9.97511100769043,10.17760181427002,263098475,9.234745864868165,9.421919282277425,8.884924581050873,532417780.46
2006-04-17,10.050009727478027,10.13252067565918,10.273990631103516,9.9835786819458,10.048584938049316,331618345,9.240115737915039,9.439807233810425,8.899133820533752,529568580.84
2006-04-18,9.986273765563965,10.068262100219727,10.207489967346191,10.000017166137695,10.16016674041748,326724069,9.251418380737304,9.455498421986897,8.912843685150147,521422802.48
2006-04-19,10.140922546386719,10.224177360534668,10.302384376525879,10.130278587341309,10.275733947753906,272284779,9.264070949554444,9.471906916300457,8.927694272994994,519689369.4
2006-04-20,10.252086639404297,10.336256980895996,10.361164093017578,10.166892051696777,10.2368803024292,492699864,9.287523040771484,9.490503877003988,8.942549839019776,516189339.42
2006-04-21,10.798040390014648,10.886693954467773,11.225921630859375,10.863531112670898,11.180591583251953,905433112,9.32140604019165,9.51283350944519,8.960679383277894,517592338.56
2006-04-24,10.882037162780762,10.9713773727417,11.075984001159668,10.872247695922852,10.943979263305664,354780840,9.362118453979493,9.536129531860352,8.97873172044754,515122314.88
2006-04-25,10.552486419677734,10.639122009277344,10.98482608795166,10.610230445861816,10.949707984924316,384194678,9.394272937774659,9.556614418029785,8.995036854743958,510581759.3
2006-04-26,10.523089408874512,10.609482765197754,10.71085262298584,10.548710823059082,10.653568267822266,292203159,9.434258060455322,9.576217603683471,9.011552448272704,500592456.76
2006-04-27,10.376349449157715,10.461538314819336,10.632895469665527,10.445596694946289,10.533268928527832,334766100,9.472469844818114,9.594171978632609,9.027523834705352,495520637.32
2006-04-28,10.32471752166748,10.409482955932617,10.60350513458252,10.368636131286621,10.426668167114258,297964674,9.510108757019044,9.611867319742839,9.042353248596191,491083507.98
2006-05-01,9.85435676574707,9.935259819030762,10.446843147277832,9.926543235778809,10.422682762145996,416001453,9.52626817703247,9.625738658905028,9.054558746814727,482287220.46
2006-05-02,9.753071784973145,9.83314323425293,10.024675369262695,9.67374038696289,9.989557266235352,526136725,9.539244537353516,9.63910854657491,9.066216301918029,481310854.46
2006-05-03,9.737507820129395,9.817452430725098,10.000017166137695,9.735508918762207,9.871747970581055,324098263,9.552983055114746,9.652430283228556,9.078000884056092,480817973.92
2006-05-04,9.751834869384766,9.831897735595703,9.934513092041016,9.768634796142578,9.838871002197266,186777474,9.567558422088624,9.66716671625773,9.08856752872467,479353143.88
2006-05-05,9.740718841552734,9.820690155029297,9.979594230651855,9.757925033569336,9.902881622314453,243509324,9.575643119812012,9.681227350234986,9.098816614151001,474144413.18
2006-05-08,9.75257682800293,9.832645416259766,9.890926361083984,9.714836120605469,9.840864181518555,205511431,9.584300689697265,9.694231945673625,9.108883881568909,473047758.0
2006-05-09,10.09892463684082,10.181836128234863,10.186817169189453,9.806990623474121,9.855559349060059,366994449,9.593476295471191,9.709195858637491,9.122134218215942,472187264.72
2006-05-10,9.955147743225098,10.03687858581543,10.254314422607422,10.008983612060547,10.169631958007812,248415646,9.613580932617188,9.724468609491984,9.13547545671463,445487240.2
2006-05-11,9.560379981994629,9.638871192932129,10.079968452453613,9.588560104370117,10.04783821105957,357045296,9.624639472961427,9.737136131922403,9.14679677248001,442943019.44
2006-05-12,9.24244213104248,9.318323135375977,9.585820198059082,9.303876876831055,9.552694320678711,405016432,9.623483810424805,9.747327931722005,9.156410737037659,436324142.9
2006-05-15,9.293578147888184,9.369878768920898,9.468260765075684,9.17187213897705,9.363155364990234,344891912,9.622497482299805,9.7578235912323,9.166709630489349,433616511.92
2006-05-16,9.172532081604004,9.24783706665039,9.38631820678711,9.21271800994873,9.364648818969727,260617209,9.624091510772706,9.767894179026285,9.177113134860992,431650289.54
2006-05-17,9.251582145690918,9.327537536621094,9.460539817810059,9.220937728881836,9.230650901794434,427347823,9.629097747802735,9.7792516040802,9.18743569135666,431863084.16
2006-05-18,9.164873123168945,9.240116119384766,9.50960636138916,9.233141899108887,9.434139251708984,234274840,9.637620811462403,9.790878025690715,9.196377177238464,427116880.64
2006-05-19,9.140910148620605,9.21595573425293,9.327537536621094,8.980588912963867,9.297151565551758,457636930,9.651080341339112,9.802929515838622,9.205433230400086,425099587.56
2006-05-22,9.163885116577148,9.239119529724121,9.290925025939941,9.097151756286621,9.161909103393555,345466056,9.667742900848388,9.815351292292277,9.214551553726196,416490479.0
2006-05-23,9.278263092041016,9.354436874389648,9.561161994934082,9.304125785827637,9.32031536102295,360666820,9.686930980682373,9.82707069714864,9.22491645336151,412748987.34
2006-05-24,9.418333053588867,9.495657920837402,9.550203323364258,9.255558013916016,9.39852237701416,383584400,9.701919803619385,9.84001716931661,9.236124444007874,405604789.14
2006-05-25,9.461319923400879,9.538995742797852,9.539244651794434,9.272993087768555,9.441611289978027,329012615,9.721092929840088,9.852352600097657,9.247509272098542,401931712.96
2006-05-26,9.420804023742676,9.498148918151855,9.610976219177246,9.465271949768066,9.577850341796875,147229793,9.742303428649903,9.86532896677653,9.259423365592957,396832912.78
2006-05-30,9.188342094421387,9.263776779174805,9.489431381225586,9.251572608947754,9.421685218811035,173287097,9.758318405151368,9.870649026234945,9.27036859035492,393431651.62
2006-05-31,9.185378074645996,9.260787963867188,9.420937538146973,9.135258674621582,9.310103416442871,320448635,9.770089282989503,9.874496275583903,9.280592765808105,391483336.12
2006-06-01,9.452178955078125,9.529780387878418,9.538995742797852,9.255309104919434,9.303627967834473,252061259,9.791359577178955,9.880425720214843,9.292874233722687,388630201.8
2006-06-02,9.37362003326416,9.450576782226562,9.640864372253418,9.401013374328613,9.634885787963867,256413512,9.810896358489991,9.88441078821818,9.30455420255661,387658894.7
2006-06-05,9.250102043151855,9.326044082641602,9.500638961791992,9.31882095336914,9.369380950927734,223173385,9.827110595703125,9.887960815429688,9.315680003166198,386152308.74
2006-06-06,9.634246826171875,9.71334171295166,9.713590621948242,9.372369766235352,9.37934398651123,411930250,9.839160423278809,9.893244342803955,9.329378657341003,382200913.24
2006-06-07,9.548276901245117,9.626667022705078,9.834636688232422,9.626418113708496,9.794288635253906,357788070,9.847539024353027,9.89563040415446,9.342642693519592,383716653.4
2006-06-08,9.716014862060547,9.795783042907715,9.819942474365234,9.42940616607666,9.657550811767578,415933198,9.855558967590332,9.897941735585531,9.357498264312744,384851852.52
2006-06-09,9.549757957458496,9.628161430358887,9.848834037780762,9.59777545928955,9.768136978149414,247223193,9.851369667053223,9.89908577601115,9.370822076797486,374517260.58
2006-06-12,9.425498008728027,9.502881050109863,9.725794792175293,9.489431381225586,9.672245979309082,201516513,9.84793254852295,9.898353525797527,9.383147132396697,366734116.38
2006-06-13,9.548521995544434,9.62691593170166,9.638871192932129,9.417699813842773,9.48694133758545,307512327,9.846199054718017,9.897704289754232,9.396089870929718,343557729.98
2006-06-14,9.495903015136719,9.573864936828613,9.740987777709961,9.42766284942627,9.709357261657715,312045255,9.843553981781007,9.895937582651774,9.408644065856933,343276118.38
2006-06-15,9.659195899963379,9.738497734069824,9.769631385803223,9.539244651794434,9.629406929016113,272445379,9.836908893585205,9.896120236714681,9.42141494989395,336105340.92
2006-06-16,9.651784896850586,9.731025695800781,9.736754417419434,9.663778305053711,9.69117546081543,212979318,9.828296165466309,9.898038050333659,9.434295418262481,329596314.6
2006-06-19,9.588544845581055,9.667264938354492,9.83314323425293,9.638373374938965,9.734762191772461,306468429,9.816819190979004,9.897546564737956,9.4470152425766,328821099.74
2006-06-20,9.564579010009766,9.643104553222656,9.76016616821289,9.626667022705078,9.664525032043457,162201701,9.80735963821411,9.897010237375895,9.459583129882812,326423345.92
2006-06-21,9.934149742126465,10.015708923339844,10.062284469604492,9.707364082336426,9.739992141723633,351087046,9.800261249542237,9.897867031097412,9.47374006986618,325961059.62
2006-06-22,9.88029670715332,9.96141242980957,10.112096786499023,9.663778305053711,10.002010345458984,237362370,9.7954243850708,9.899054247538249,9.487792401313781,321789241.02
2006-06-23,10.001591682434082,10.083703994750977,10.205496788024902,9.981087684631348,10.031399726867676,213388847,9.793387031555175,9.90016840616862,9.501489810943603,321225375.4
2006-06-26,9.985782623291016,10.067764282226562,10.16938304901123,10.043603897094727,10.130777359008789,142580431,9.794413204193114,9.900296268463135,9.515042762756348,318815014.52
2006-06-27,9.938844680786133,10.020441055297852,10.161911010742188,9.987812995910645,10.104873657226562,164899777,9.79217161178589,9.900646622975668,9.52789832830429,315480643.16
2006-06-28,10.032469749450684,10.114836692810059,10.124053001403809,9.990801811218262,10.062533378601074,148976315,9.793103103637696,9.900106976826986,9.539899592399598,311925688.08
2006-06-29,10.32150650024414,10.406245231628418,10.415958404541016,10.107613563537598,10.161662101745605,267326263,9.79674446105957,9.900329475402833,9.553116302490235,311826517.76
2006-06-30,10.359057426452637,10.444103240966797,10.444103240966797,10.269756317138672,10.351201057434082,251258261,9.798901386260987,9.89974334081014,9.567603254318238,306997685.7
2006-07-03,10.45466136932373,10.540492057800293,10.554688453674316,10.447092056274414,10.461787223815918,86591354,9.791977348327636,9.898843383789062,9.582619469165802,290620850.54
2006-07-05,10.411673545837402,10.497154235839844,10.530529022216797,10.35219669342041,10.498647689819336,200171490,9.7824928855896,9.898507970174153,9.597720370292663,287528663.54
2006-07-06,10.454412460327148,10.540243148803711,10.59478759765625,10.510106086730957,10.544975280761719,148036806,9.780515308380126,9.90177074432373,9.61258964061737,282805506.1
2006-07-07,10.386724472045898,10.47199821472168,10.657303810119629,10.358175277709961,10.611475944519043,242581861,9.777765617370605,9.904351075490316,9.626604607105255,281813080.14
2006-07-10,10.331140518188477,10.415958404541016,10.591052055358887,10.370628356933594,10.546468734741211,178121149,9.77685401916504,9.905033518473306,9.639842488765716,278680181.12
2006-07-11,10.48825740814209,10.57436466217041,10.586568832397461,10.287191390991211,10.42367935180664,239747276,9.780151653289796,9.906172580718994,9.653938403129578,277515833.16
2006-07-12,10.307670593261719,10.39229679107666,10.529034614562988,10.379345893859863,10.512845039367676,197003661,9.789292392730713,9.908065484364828,9.66662709236145,273135877.32
2006-07-13,10.099666595458984,10.18258285522461,10.419445037841797,10.132769584655762,10.31135082244873,278018189,9.796281185150146,9.908777809143066,9.67840170621872,268173506.6
2006-07-14,9.96799373626709,10.04983139038086,10.248834609985352,9.9280366897583,10.219943046569824,303216285,9.800928764343261,9.908658256530762,9.689554903507233,267755867.04
2006-07-17,10.076444625854492,10.159171104431152,10.236631393432617,10.055310249328613,10.077975273132324,233347377,9.80747423171997,9.908199977874755,9.70224359512329,268687265.1
2006-07-18,9.956877708435059,10.038622856140137,10.225920677185059,9.906368255615234,10.205496788024902,342751921,9.811832885742188,9.907178802490234,9.713878734111786,270672117.04
2006-07-19,9.856827735900879,9.937750816345215,9.991050720214844,9.829655647277832,9.838373184204102,342017177,9.813934993743896,9.904918944040935,9.724157707691193,273402231.96
2006-07-20,9.563345909118652,9.641860008239746,10.073243141174316,9.605496406555176,10.069257736206055,503427925,9.803135471343994,9.899876174926758,9.732680761814118,276130901.48
2006-07-21,9.637208938598633,9.716330528259277,9.75717830657959,9.406990051269531,9.617450714111328,471946365,9.79672451019287,9.895085798899332,9.742532584667206,280601515.86
2006-07-24,9.656726837158203,9.736006736755371,9.810478210449219,9.494662284851074,9.783827781677246,324656348,9.798667221069335,9.88983050028483,9.752518904209136,279953736.9
2006-07-25,9.618680953979492,9.697650909423828,9.74621868133545,9.55916976928711,9.589555740356445,231307761,9.806253776550292,9.883057556152345,9.762059392929077,276479563.48
2006-07-26,9.523324966430664,9.601511001586914,9.761162757873535,9.539244651794434,9.6687593460083,222105397,9.810886421203612,9.876565221150717,9.771089298725128,274023833.18
2006-07-27,9.44674301147461,9.524300575256348,9.65107536315918,9.413466453552246,9.648086547851562,226489769,9.816415691375733,9.868704687754313,9.780024557113647,273341284.38
2006-07-28,9.588048934936523,9.666767120361328,9.702631950378418,9.507613182067871,9.514337539672852,163956253,9.823200283050538,9.862360140482584,9.790238773822784,268073452.98
2006-07-31,9.550498962402344,9.628908157348633,9.69291877746582,9.546965599060059,9.663778305053711,184500973,9.830976123809814,9.854815088907877,9.80090255022049,267077975.64
2006-08-01,9.276534080505371,9.352693557739258,9.608236312866211,9.352693557739258,9.591797828674316,219347097,9.833710880279542,9.845612913767496,9.810624856948852,262312178.98
2006-08-02,9.07198715209961,9.146467208862305,9.394039154052734,9.095906257629395,9.354934692382812,284976172,9.831857833862305,9.836080315907797,9.819477927684783,261102381.3
2006-08-03,9.273569107055664,9.34970474243164,9.412469863891602,9.050078392028809,9.09042739868164,254028606,9.831763191223144,9.827562243143717,9.828243820667266,258969617.02
2006-08-04,9.235527038574219,9.311348915100098,9.481460571289062,9.259044647216797,9.45356559753418,204571922,9.828077011108398,9.8198743947347,9.837032129764557,255389367.46
2006-08-07,9.336810111999512,9.413466453552246,9.457799911499023,9.244100570678711,9.25281810760498,158467758,9.825566425323487,9.813745702107747,9.845656056404113,251978470.32
2006-08-08,9.412158966064453,9.489431381225586,9.576604843139648,9.44186019897461,9.534761428833008,230589077,9.825392074584961,9.804741115570069,9.855344743728638,253645656.0
2006-08-09,9.311860084533691,9.388310432434082,9.581088066101074,9.37386417388916,9.534262657165527,173086347,9.827882747650147,9.793400293986002,9.859957456588745,253641641.0
2006-08-10,9.244172096252441,9.320066452026367,9.406492233276367,9.276728630065918,9.312095642089844,171114986,9.82906831741333,9.780608240763346,9.86313928604126,250654968.02
2006-08-11,9.10335922241211,9.17809772491455,9.346964836120605,9.165644645690918,9.32504653930664,151224711,9.822034664154053,9.764475371042888,9.865827956199645,248638237.06
2006-08-14,9.126334190368652,9.201260566711426,9.343229293823242,9.182332038879395,9.25281810760498,199476896,9.81704833984375,9.748291028340658,9.867570176124573,247499504.74
2006-08-15,9.411417007446289,9.488683700561523,9.506118774414062,9.2802152633667,9.317825317382812,268932260,9.820301132202149,9.733547954559326,9.871045894622803,248414682.24
2006-08-16,9.578167915344238,9.656804084777832,9.674985885620117,9.517327308654785,9.551199913024902,235005569,9.819170379638672,9.719615179697673,9.874725852012634,244876188.62
2006-08-17,9.530736923217773,9.608983039855957,9.713590621948242,9.562158584594727,9.623678207397461,203969673,9.818816699981689,9.70669195175171,9.876426978111267,241799820.68
2006-08-18,9.470459938049316,9.548211097717285,9.64111328125,9.48320484161377,9.621685981750488,198830482,9.813865261077881,9.69292853673299,9.876922616958618,237457766.36
2006-08-21,9.320754051208496,9.397276878356934,9.439618110656738,9.345471382141113,9.41720199584961,161535213,9.809247570037842,9.678016103108725,9.876626224517823,235744006.76
2006-08-22,9.345209121704102,9.421934127807617,9.446093559265137,9.336006164550781,9.407986640930176,167188323,9.807628631591797,9.666954231262206,9.875672302246095,235057442.96
2006-08-23,9.225150108337402,9.300888061523438,9.421436309814453,9.281709671020508,9.405744552612305,146238089,9.801108074188232,9.656490116119384,9.873555235862732,231831958.2
2006-08-24,9.232561111450195,9.30836009979248,9.374860763549805,9.271746635437012,9.326044082641602,139822131,9.79579797744751,9.652217795054117,9.870902681350708,228387495.72
2006-08-25,9.22095012664795,9.296653747558594,9.347962379455566,9.277725219726562,9.292170524597168,99037832,9.786961097717285,9.643211555480956,9.868830451965332,224919344.78
2006-08-28,9.410922050476074,9.48818588256836,9.48818588256836,9.339990615844727,9.355183601379395,167184308,9.782104301452637,9.632903525034587,9.869054613113404,224003444.58
2006-08-29,9.361515045166016,9.438372611999512,9.522308349609375,9.39478588104248,9.483951568603516,179068687,9.777526454925537,9.623928826649983,9.86754153728485,221455449.74
2006-08-30,9.40598201751709,9.48320484161377,9.580341339111328,9.427413940429688,9.44484806060791,162382376,9.77432846069336,9.615042139689127,9.866339793205261,221459063.24
2006-08-31,9.351140022277832,9.427911758422852,9.518074035644531,9.419692993164062,9.501635551452637,118839777,9.76257251739502,9.605916347503662,9.864043402671815,216814117.86
2006-09-01,9.35286808013916,9.429655075073242,9.496404647827148,9.394536972045898,9.489182472229004,107316747,9.751937370300293,9.59790968577067,9.86227502822876,214213205.4
2006-09-05,9.495162963867188,9.573118209838867,9.599020957946777,9.400764465332031,9.461286544799805,163582859,9.741725654602051,9.589889755249024,9.860557718276977,213217085.64
2006-09-06,9.390913009643555,9.468011856079102,9.543976783752441,9.456055641174316,9.516828536987305,149522354,9.729730606079102,9.586296558380127,9.857654852867126,213355924.1
2006-09-07,9.350151062011719,9.426916122436523,9.508111000061035,9.39976692199707,9.449332237243652,154256030,9.717860107421876,9.5833824857076,9.85494999408722,213143049.16
2006-09-08,9.33434009552002,9.410975456237793,9.484201431274414,9.382830619812012,9.382830619812012,123798294,9.70378288269043,9.582768122355143,9.851025953292847,212639488.74
2006-09-11,9.488492965698242,9.56639289855957,9.581336975097656,9.40898323059082,9.421187400817871,181847062,9.686985836029052,9.582600415547688,9.846993565559387,210929904.72
2006-09-12,9.68143081665039,9.760913848876953,9.781585693359375,9.586069107055664,9.589057922363281,218503948,9.673322048187256,9.586582158406575,9.843138017654418,210274818.46
2006-09-13,10.043835639953613,10.126294136047363,10.131026268005371,9.840615272521973,9.841859817504883,392192544,9.665038089752198,9.592807159423828,9.840392060279846,216386842.26
2006-09-14,9.979851722717285,10.061785697937012,10.119071006774902,10.010726928710938,10.069755554199219,215448538,9.656330718994141,9.600314019521077,9.83796365737915,216692383.22
2006-09-15,10.125604629516602,10.208735466003418,10.212968826293945,10.130528450012207,10.148959159851074,314703180,9.649700565338135,9.608162937164307,9.838753199577331,220025710.7
2006-09-18,10.244429588317871,10.328536033630371,10.428162574768066,10.198522567749023,10.211724281311035,285333506,9.64683132171631,9.619618333180746,9.839971137046813,220880743.6
2006-09-19,9.975652694702148,10.057552337646484,10.348461151123047,9.781834602355957,10.3477144241333,573858932,9.639663200378418,9.629662354787191,9.838690938949584,228795499.26
2006-09-20,9.807418823242188,9.887937545776367,10.14671802520752,9.828660011291504,10.139494895935059,367283528,9.625934658050538,9.638731689453126,9.83611310005188,231346224.3
2006-09-21,10.050752639770508,10.133268356323242,10.173118591308594,9.959171295166016,9.97012996673584,429287065,9.620754089355469,9.645438219706218,9.836237635612488,235991892.38
2006-09-22,9.9749116897583,10.056804656982422,10.148212432861328,9.996530532836914,10.086692810058594,186681114,9.618238525390625,9.651254749298095,9.836142988204957,234165150.88
2006-09-25,9.979851722717285,10.061785697937012,10.19802474975586,10.024924278259277,10.10163688659668,230352192,9.618477611541747,9.657463143666586,9.836113095283508,232707869.02
2006-09-26,10.051246643066406,10.133766174316406,10.15394115447998,10.006741523742676,10.09964370727539,212369039,9.617969512939453,9.664334055582682,9.83564236164093,232288302.26
2006-09-27,9.953666687011719,10.035385131835938,10.242110252380371,10.021685600280762,10.119568824768066,235949093,9.617904758453369,9.66846025466919,9.834860291481018,230152245.7
2006-09-28,9.969970703125,10.051822662353516,10.136506080627441,9.976106643676758,10.064276695251465,205061752,9.620186195373535,9.672807292938232,9.833735756874084,227413137.2
2006-09-29,9.928467750549316,10.009980201721191,10.102633476257324,9.99777603149414,10.090429306030273,132932403,9.627548599243164,9.67472012201945,9.831794281005859,220003226.76
2006-10-02,9.917104721069336,9.998522758483887,10.112096786499023,9.982583045959473,10.009980201721191,146623529,9.633192443847657,9.681165962219238,9.829612460136413,213496770.04
2006-10-03,9.981334686279297,10.06328010559082,10.123554229736328,9.91757583618164,9.994787216186523,219407321,9.639737911224366,9.687681535085042,9.827307353019714,211391789.5
2006-10-04,10.269379615783691,10.353692054748535,10.355435371398926,10.038622856140137,10.086443901062012,267470802,9.65285873413086,9.694198773701986,9.825507850646973,212115050.32
2006-10-05,10.173283576965332,10.256805419921875,10.41695499420166,10.23314380645752,10.328784942626953,232460064,9.665964622497558,9.699782842000326,9.823915071487427,212322143.66
2006-10-06,10.387958526611328,10.473243713378906,10.50836181640625,10.205496788024902,10.217203140258789,294559960,9.68494348526001,9.708483562469482,9.822764387130738,213683547.48
2006-10-09,10.597940444946289,10.68494987487793,10.758424758911133,10.545970916748047,10.580342292785645,304468963,9.705307140350342,9.719201723734537,9.823096890449523,216493801.68
2006-10-10,10.539889335632324,10.626420021057129,10.905373573303223,10.520317077636719,10.748710632324219,393011603,9.725257377624512,9.731284770965576,9.822425661087037,220664014.28
2006-10-11,10.53618049621582,10.62268352508545,10.70761489868164,10.554438591003418,10.585822105407715,226260915,9.750657176971435,9.745149466196695,9.821873979568482,220802290.64
2006-10-12,10.559404373168945,10.646096229553223,10.701887130737305,10.560417175292969,10.673991203308105,194486260,9.780649757385254,9.760083497365315,9.82222267627716,218992492.4
2006-10-13,10.55594539642334,10.642608642578125,10.697403907775879,10.599270820617676,10.65406608581543,145443121,9.806507835388183,9.775067335764566,9.822298641204833,216820782.7
2006-10-16,10.418838500976562,10.504377365112305,10.689931869506836,10.494165420532227,10.652571678161621,173423607,9.830368404388429,9.78678840637207,9.822497897148132,216197816.4
2006-10-17,10.391417503356934,10.476731300354004,10.554189682006836,10.3785982131958,10.46826171875,209221284,9.851633701324463,9.799431018829345,9.823217701911926,217212886.92
2006-10-18,10.358562469482422,10.443605422973633,10.579096794128418,10.398524284362793,10.535261154174805,241594173,9.870717182159424,9.812804228464762,9.821235132217407,217432988.84
2006-10-19,10.525312423706055,10.611724853515625,10.697403907775879,10.450080871582031,10.466519355773926,461864718,9.895185470581055,9.827128874460856,9.818846588134766,223208556.26
2006-10-20,11.355608940124512,11.448837280273438,11.45954704284668,11.297405242919922,11.431900024414062,467662368,9.937760887145997,9.845639495849609,9.819896402359008,229139503.9
2006-10-23,11.877104759216309,11.974616050720215,12.070755958557129,11.466272354125977,11.513842582702637,606444615,9.99369125366211,9.869028498331705,9.821779341697694,238243901.98
2006-10-24,11.692566871643066,11.78856372833252,11.901888847351074,11.741241455078125,11.862536430358887,347706422,10.045437316894532,9.891127338409424,9.822577600479127,241208492.5
2006-10-25,12.020880699157715,12.119572639465332,12.166894912719727,11.833395957946777,11.892672538757324,368877480,10.098055095672608,9.915155607859294,9.824674739837647,243207396.9
2006-10-26,11.983827590942383,12.082213401794434,12.253071784973145,12.059797286987305,12.146471977233887,282322262,10.14656328201294,9.934964694976806,9.82635220527649,244153730.76
2006-10-27,11.7392578125,11.835637092590332,12.085700035095215,11.768139839172363,12.052325248718262,265150137,10.191096363067627,9.952484029134114,9.827793054580688,245377340.04
2006-10-30,11.773100852966309,11.869758605957031,11.966646194458008,11.706372261047363,11.826172828674316,263508004,10.237527313232421,9.968983847300212,9.82907823085785,246670890.48
2006-10-31,11.768655776977539,11.865276336669922,12.008987426757812,11.801763534545898,11.906869888305664,252358369,10.286887302398682,9.982501513163248,9.830233902931214,248487353.6
2006-11-01,11.549039840698242,11.643856048583984,11.933520317077637,11.588065147399902,11.924304962158203,217865564,10.33132574081421,9.995628973642985,9.833047108650208,249500898.42
2006-11-02,11.608575820922852,11.70388126373291,11.799023628234863,11.615961074829102,11.643856048583984,210253137,10.379385604858399,10.00889757792155,9.837213988304137,250781199.38
2006-11-03,11.655265808105469,11.750954627990723,11.799522399902344,11.583084106445312,11.761664390563965,197043811,10.428237495422364,10.02252981821696,9.84622272014618,251925632.98
2006-11-06,11.782490730285645,11.879223823547363,11.946721076965332,11.764155387878418,11.800021171569824,200408375,10.479888896942139,10.034586296081542,9.852380890846252,253953043.84
2006-11-07,11.674286842346191,11.770133018493652,11.930781364440918,11.75020694732666,11.879223823547363,196618221,10.525527839660645,10.04530943552653,9.8560596036911,254541722.1
2006-11-08,11.7343168258667,11.830656051635742,11.998526573181152,11.671253204345703,11.714839935302734,319794191,10.573373508453368,10.05590638478597,9.86128999710083,257356232.18
2006-11-09,11.67577075958252,11.771627426147461,11.942486763000488,11.752449035644531,11.868016242980957,195899538,10.619141960144043,10.066943353017171,9.866067094802856,258026575.42
2006-11-10,11.698495864868164,11.794541358947754,11.823681831359863,11.713345527648926,11.800270080566406,112287309,10.666474552154542,10.076436106363932,9.871055898666382,257895526.06
2006-11-13,11.883281707763672,11.980842590332031,11.984330177307129,11.809235572814941,11.828165054321289,174326980,10.717498302459717,10.088286685943604,9.877806839942933,259235730.72
2006-11-14,12.0875825881958,12.186820983886719,12.203009605407715,11.967641830444336,11.972623825073242,290019003,10.769772357940674,10.101628348032634,9.884860405921936,261764453.6
2006-11-15,12.15255355834961,12.252325057983398,12.449585914611816,12.252325057983398,12.289685249328613,336083018,10.82545862197876,10.116534144083658,9.896087074279786,265495666.88
2006-11-16,12.250627517700195,12.351204872131348,12.395538330078125,12.26801586151123,12.328788757324219,204467533,10.883944396972657,10.13132537206014,9.908522963523865,266499896.94
2006-11-17,12.322022438049316,12.423185348510742,12.444853782653809,12.278974533081055,12.285202026367188,221266263,10.944188594818115,10.14702486038208,9.923123240470886,268449256.32
2006-11-20,12.229629516601562,12.330034255981445,12.413471221923828,12.270257949829102,12.413471221923828,205748315,10.999461421966553,10.161063906351725,9.936815667152405,268927281.38
2006-11-21,12.59030532836914,12.693671226501465,12.702387809753418,12.34946060180664,12.367144584655762,338363534,11.058116569519044,10.17678000132243,9.954465761184693,271324473.1
2006-11-22,12.54979133605957,12.652824401855469,12.777108192443848,12.597282409667969,12.726548194885254,180702789,11.108647174835205,10.188554204305014,9.971767163276672,267094678.0
2006-11-24,12.475430488586426,12.577855110168457,12.640122413635254,12.552947998046875,12.565402030944824,69567783,11.158968563079833,10.199264055887857,9.989977655410767,264177062.9
2006-11-27,11.975180625915527,12.073495864868164,12.497655868530273,12.073495864868164,12.487443923950195,294086191,11.19626377105713,10.208826548258463,10.005188145637511,263764723.12
2006-11-28,12.092522621154785,12.191802024841309,12.200769424438477,11.881216049194336,11.983333587646484,313073093,11.233529090881348,10.219375343322755,10.023096022605896,264319514.86
2006-11-29,11.972709655761719,12.071004867553711,12.32231330871582,12.011228561401367,12.309860229492188,253558852,11.273798141479492,10.230105120340983,10.040696301460265,257913513.26
2006-11-30,11.976663589477539,12.074990272521973,12.214218139648438,11.993794441223145,12.059548377990723,223936234,11.317539196014405,10.24120850245158,10.058433566093445,255046567.38
2006-12-01,11.877599716186523,11.975113868713379,12.164155960083008,11.917828559875488,12.104130744934082,226100315,11.354376106262206,10.254807529449463,10.072672691345215,250982832.38
2006-12-04,11.977649688720703,12.0759859085083,12.14024543762207,11.939000129699707,12.029909133911133,196730641,11.394759731292725,10.269759813944498,10.087130994796754,251183822.92
2006-12-05,12.030763626098633,12.129535675048828,12.1903076171875,12.076983451843262,12.139497756958008,164735162,11.43611473083496,10.285173702239991,10.102126040458678,249871482.32
2006-12-06,12.073007583618164,12.172125816345215,12.264031410217285,12.067767143249512,12.128539085388184,178679233,11.476881923675537,10.30077522277832,10.117471022605896,249197686.2
2006-12-07,11.923054695129395,12.020942687988281,12.2490873336792,12.015462875366211,12.209983825683594,187271318,11.516593074798584,10.315443572998047,10.130493459701539,248224130.7
2006-12-08,11.959368705749512,12.057555198669434,12.16938591003418,11.955188751220703,12.003507614135742,159591956,11.556707725524902,10.330276304880778,10.1437824010849,247314734.78
2006-12-11,11.954923629760742,12.053071975708008,12.176857948303223,12.049834251403809,12.077730178833008,131025281,11.597569561004638,10.342751210530599,10.155432481765747,247276592.34
2006-12-12,11.901809692382812,11.999523162841797,12.113595008850098,11.962162971496582,12.051079750061035,167866857,11.637589569091796,10.355835507710776,10.170271863937378,247701458.9
2006-12-13,11.832884788513184,11.930032730102539,12.09217643737793,11.880967140197754,12.072001457214355,187182988,11.674924621582031,10.371109917958577,10.18449230670929,247056972.24
2006-12-14,11.910208702087402,12.007990837097168,12.048588752746582,11.886944770812988,11.961416244506836,190668002,11.708010597229004,10.389041035970052,10.19765172958374,245520916.24
2006-12-15,11.865249633789062,11.962660789489746,12.057555198669434,11.951204299926758,12.020942687988281,208410256,11.742127704620362,10.40632624944051,10.210369057655335,245039920.08
2006-12-18,11.432931900024414,11.526795387268066,12.023432731628418,11.47498893737793,12.017704963684082,321865927,11.763198738098145,10.421519304911296,10.222162356376648,245586039.42
2006-12-19,11.57695484161377,11.67199993133545,11.688937187194824,11.419695854187012,11.499896049499512,264467588,11.782939739227295,10.43714905420939,10.235136227607727,244786011.92
2006-12-20,11.435402870178223,11.529285430908203,11.74348258972168,11.51508903503418,11.706123352050781,175366863,11.800997047424316,10.452410182952882,10.24871284008026,240433117.12
2006-12-21,11.269886016845703,11.362410545349121,11.58781623840332,11.266270637512207,11.561165809631348,279174507,11.81579158782959,10.466719881693523,10.26280999660492,241491388.96
2006-12-22,11.254569053649902,11.346968650817871,11.42318344116211,11.275984764099121,11.394789695739746,160129965,11.829809036254883,10.48077220916748,10.277514882087708,240804263.06
2006-12-26,11.302742004394531,11.395537376403809,11.443856239318848,11.322311401367188,11.370381355285645,83282999,11.844867610931397,10.494379545847575,10.292517404556275,239561060.62
2006-12-27,11.56213092803955,11.657055854797363,11.658302307128906,11.434639930725098,11.457056045532227,169894428,11.867921180725098,10.508788865407308,10.307071599960327,239490477.04
2006-12-28,11.427000999450684,11.520816802978516,11.670755386352539,11.51309585571289,11.634390830993652,125115211,11.888802890777589,10.522001005808512,10.321773986816407,237808355.58
2006-12-29,11.375617980957031,11.469011306762695,11.568388938903809,11.453569412231445,11.509360313415527,102751700,11.909311008453368,10.53514008839925,10.336930923461914,235031506.12
